program,section,source,root_name,name,full_path,level,pic,usage_flag,usage_count,nb_paragraphs,nb_reads,nb_writes,nb_conditions,nb_io,has_88,nb_88,is_critical,role_infered
SRSRADIS,WORKING-STORAGE SECTION,MAIN,W-DEBUT,W-DEBUT,W-DEBUT,77,X(08),Y,1,1,1,0,0,0,N,0,N,
SRSRADIS,WORKING-STORAGE SECTION,MAIN,W-RETOUR-LIB,W-RETOUR-LIB,W-RETOUR-LIB,01,X(9),N,0,0,0,0,0,0,N,0,N,
SRSRADIS,WORKING-STORAGE SECTION,MAIN,W-EIBFN-LIB,W-EIBFN-LIB,W-EIBFN-LIB,01,X(9),N,0,0,0,0,0,0,N,0,N,
SRSRADIS,WORKING-STORAGE SECTION,MAIN,W-EIBFN,W-EIBFN,W-EIBFN,01,X(2),Y,1,1,0,1,0,0,N,0,N,
SRSRADIS,WORKING-STORAGE SECTION,MAIN,W-RETOUR,W-RETOUR,W-RETOUR,01,S9(8) COMP,Y,31,9,30,1,11,0,N,0,Y,NUMERIQUE
SRSRADIS,WORKING-STORAGE SECTION,MAIN,W-ITEM,W-ITEM,W-ITEM,01,S9(4) COMP,Y,9,3,6,3,0,0,N,0,Y,NUMERIQUE
SRSRADIS,WORKING-STORAGE SECTION,MAIN,W-LONG-TYPED,W-LONG-TYPED,W-LONG-TYPED,01,,Y,0,0,0,0,0,0,N,0,N,
SRSRADIS,WORKING-STORAGE SECTION,MAIN,W-LONG-TYPED,W-LONG-CALC,W-LONG-TYPED/W-LONG-CALC,05,9(8) COMP,Y,1,1,1,0,0,0,N,0,N,NUMERIQUE
SRSRADIS,WORKING-STORAGE SECTION,MAIN,W-LONG-TYPED,FILLER,W-LONG-TYPED/FILLER,05,,Y,0,0,0,0,0,0,N,0,N,
SRSRADIS,WORKING-STORAGE SECTION,MAIN,W-LONG-TYPED,FILLER,W-LONG-TYPED/FILLER/FILLER,10,X(2).,N,0,0,0,0,0,0,N,0,N,
SRSRADIS,WORKING-STORAGE SECTION,MAIN,W-LONG-TYPED,W-LONG,W-LONG-TYPED/FILLER/W-LONG,10,X(2).,Y,2,1,2,0,0,0,N,0,N,
SRSRADIS,WORKING-STORAGE SECTION,SMASHTRC,SMASH,SMASH,SMASH,01,,N,0,0,0,0,0,0,N,0,N,
SRSRADIS,WORKING-STORAGE SECTION,SMASHTRC,SMASH,SMASH-L1,SMASH/SMASH-L1,05,,N,0,0,0,0,0,0,N,0,N,
SRSRADIS,WORKING-STORAGE SECTION,SMASHTRC,SMASH,FILLER,SMASH/SMASH-L1/FILLER,10,X(080),N,0,0,0,0,0,0,N,0,N,
SRSRADIS,WORKING-STORAGE SECTION,SMASHTRC,SMASH,SMASH-L2,SMASH/SMASH-L2,05,,N,0,0,0,0,0,0,N,0,N,
SRSRADIS,WORKING-STORAGE SECTION,SMASHTRC,SMASH,FILLER,SMASH/SMASH-L2/FILLER,10,X(004),N,0,0,0,0,0,0,N,0,N,
SRSRADIS,WORKING-STORAGE SECTION,SMASHTRC,SMASH,SMASH-PROGA,SMASH/SMASH-L2/SMASH-PROGA,10,X(008),N,0,0,0,0,0,0,N,0,N,
SRSRADIS,WORKING-STORAGE SECTION,SMASHTRC,SMASH,SMASH-L3,SMASH/SMASH-L3,05,,N,0,0,0,0,0,0,N,0,N,
SRSRADIS,WORKING-STORAGE SECTION,SMASHTRC,SMASH,FILLER,SMASH/SMASH-L3/FILLER,10,X(004),N,0,0,0,0,0,0,N,0,N,
SRSRADIS,WORKING-STORAGE SECTION,SMASHTRC,SMASH,SMASH-PROGB,SMASH/SMASH-L3/SMASH-PROGB,10,X(008),N,0,0,0,0,0,0,N,0,N,
SRSRADIS,WORKING-STORAGE SECTION,SMASHTRC,SMASH,SMASH-MESS,SMASH/SMASH-L3/SMASH-MESS,10,X(080),N,0,0,0,0,0,0,N,0,N,
SRSRADIS,WORKING-STORAGE SECTION,SMASHTRC,SMASH,SMASH-COUNT,SMASH/SMASH-COUNT,05,9(003),N,0,0,0,0,0,0,N,0,N,NUMERIQUE
SRSRADIS,WORKING-STORAGE SECTION,SMASHTRC,SMASH,SMASH-RETOUR,SMASH/SMASH-RETOUR,05,9(008),N,0,0,0,0,0,0,N,0,N,NUMERIQUE
SRSRADIS,WORKING-STORAGE SECTION,SMASHTRC,SMASH,SMASH-STATUS,SMASH/SMASH-STATUS,05,9(008),N,0,0,0,0,0,0,N,0,N,NUMERIQUE
SRSRADIS,WORKING-STORAGE SECTION,SMASHTRC,SMASH,SMASH-NBFI,SMASH/SMASH-NBFI,05,9(004),N,0,0,0,0,0,0,N,0,N,NUMERIQUE
SRSRADIS,WORKING-STORAGE SECTION,SMASHTRC,SMASH,SMASH-ITEMSRVD,SMASH/SMASH-ITEMSRVD,05,9(004),N,0,0,0,0,0,0,N,0,N,NUMERIQUE
SRSRADIS,WORKING-STORAGE SECTION,SMASHTRC,SMASH,SMASH-ITEMS,SMASH/SMASH-ITEMS,05,9(004),N,0,0,0,0,0,0,N,0,N,NUMERIQUE
SRSRADIS,WORKING-STORAGE SECTION,SMASHTRC,SMASH,SMASH-CPTNIVEAU,SMASH/SMASH-CPTNIVEAU,05,9(002),N,0,0,0,0,0,0,N,0,N,NUMERIQUE
SRSRADIS,WORKING-STORAGE SECTION,SMASHTRC,SMASH,SMASH-CPTTRAIT,SMASH/SMASH-CPTTRAIT,05,9(002),N,0,0,0,0,0,0,N,0,N,NUMERIQUE
SRSRADIS,WORKING-STORAGE SECTION,SMASHTRC,SMASH,SMASH-MODAFFICH,SMASH/SMASH-MODAFFICH,05,X(008),N,0,0,0,0,0,0,N,0,N,
SRSRADIS,WORKING-STORAGE SECTION,SMASHTRC,SMASH,SMASH-IDMS,SMASH/SMASH-IDMS,05,X(008),N,0,0,0,0,0,0,N,0,N,IDENTIFIANT
SRSRADIS,WORKING-STORAGE SECTION,SMASHTRC,SMASH,SMASH-NBPAGTOT,SMASH/SMASH-NBPAGTOT,05,9(004),N,0,0,0,0,0,0,N,0,N,NUMERIQUE
SRSRADIS,WORKING-STORAGE SECTION,SMASHTRC,SMASH,SMASH-NBLIGNES,SMASH/SMASH-NBLIGNES,05,9(004),N,0,0,0,0,0,0,N,0,N,NUMERIQUE
SRSRADIS,WORKING-STORAGE SECTION,SMASHTRC,SMASH,SMASH-NUMPAG,SMASH/SMASH-NUMPAG,05,9(004),N,0,0,0,0,0,0,N,0,N,NUMERIQUE
SRSRADIS,WORKING-STORAGE SECTION,SMASHTRC,SMASH,SMASH-NUMPAGSUIV,SMASH/SMASH-NUMPAGSUIV,05,9(004),N,0,0,0,0,0,0,N,0,N,NUMERIQUE
SRSRADIS,WORKING-STORAGE SECTION,SMASHTRC,SMASH,SMASH-TOUCHETRANS,SMASH/SMASH-TOUCHETRANS,05,X(001),N,0,0,0,0,0,0,N,0,N,
SRSRADIS,WORKING-STORAGE SECTION,SMASHTRC,SMASH,SMASH-MODANALCDE,SMASH/SMASH-MODANALCDE,05,X(008),N,0,0,0,0,0,0,N,0,N,
SRSRADIS,WORKING-STORAGE SECTION,SMASHTRC,SMASH,SMASH-COMMANDE,SMASH/SMASH-COMMANDE,05,X(001),N,0,0,0,0,0,0,N,0,N,
SRSRADIS,WORKING-STORAGE SECTION,SMASHTRC,SMASH,SMASH1-ITEMS,SMASH/SMASH1-ITEMS,05,9(004),N,0,0,0,0,0,0,N,0,N,NUMERIQUE
SRSRADIS,WORKING-STORAGE SECTION,SMASHTRC,SMASH,SMASH1-CPTNIVEAU,SMASH/SMASH1-CPTNIVEAU,05,9(002),N,0,0,0,0,0,0,N,0,N,NUMERIQUE
SRSRADIS,WORKING-STORAGE SECTION,SMASHTRC,SMASH,SMASH1-CPTTRAIT,SMASH/SMASH1-CPTTRAIT,05,9(002),N,0,0,0,0,0,0,N,0,N,NUMERIQUE
SRSRADIS,WORKING-STORAGE SECTION,SMASHTRC,SMASH,SMASH1-MODAFFICH,SMASH/SMASH1-MODAFFICH,05,X(008),N,0,0,0,0,0,0,N,0,N,
SRSRADIS,WORKING-STORAGE SECTION,SMASHTRC,SMASH,SMASH1-IDMS,SMASH/SMASH1-IDMS,05,X(008),N,0,0,0,0,0,0,N,0,N,IDENTIFIANT
SRSRADIS,WORKING-STORAGE SECTION,SMASHTRC,SMASH,SMASH1-NBPAGTOT,SMASH/SMASH1-NBPAGTOT,05,9(004),N,0,0,0,0,0,0,N,0,N,NUMERIQUE
SRSRADIS,WORKING-STORAGE SECTION,SMASHTRC,SMASH,SMASH1-NBLIGNES,SMASH/SMASH1-NBLIGNES,05,9(004),N,0,0,0,0,0,0,N,0,N,NUMERIQUE
SRSRADIS,WORKING-STORAGE SECTION,SMASHTRC,SMASH,SMASH1-NUMPAG,SMASH/SMASH1-NUMPAG,05,9(004),N,0,0,0,0,0,0,N,0,N,NUMERIQUE
SRSRADIS,WORKING-STORAGE SECTION,SMASHTRC,SMASH,SMASH1-NUMPAGSUIV,SMASH/SMASH1-NUMPAGSUIV,05,9(004),N,0,0,0,0,0,0,N,0,N,NUMERIQUE
SRSRADIS,WORKING-STORAGE SECTION,SMASHTRC,SMASH,SMASH1-TOUCHETRANS,SMASH/SMASH1-TOUCHETRANS,05,X(001),N,0,0,0,0,0,0,N,0,N,
SRSRADIS,WORKING-STORAGE SECTION,SMASHTRC,SMASH,SMASH1-MODANALCDE,SMASH/SMASH1-MODANALCDE,05,X(008),N,0,0,0,0,0,0,N,0,N,
SRSRADIS,WORKING-STORAGE SECTION,SMASHTRC,SMASH,SMASH1-COMMANDE,SMASH/SMASH1-COMMANDE,05,X(001),N,0,0,0,0,0,0,N,0,N,
SRSRADIS,WORKING-STORAGE SECTION,SMASHTRC,SMASH,SMASH-EIBCALEN,SMASH/SMASH-EIBCALEN,05,9(004),N,0,0,0,0,0,0,N,0,N,NUMERIQUE
SRSRADIS,WORKING-STORAGE SECTION,SMASHTRC,SMASH,SMASH-COMAREA,SMASH/SMASH-COMAREA,05,9(004),N,0,0,0,0,0,0,N,0,N,NUMERIQUE
SRSRADIS,WORKING-STORAGE SECTION,SMASHTRC,SMASH,SMASH-CPT001,SMASH/SMASH-CPT001,05,9(004),N,0,0,0,0,0,0,N,0,N,NUMERIQUE
SRSRADIS,WORKING-STORAGE SECTION,SMASHTRC,SMASH,SMASH-CPT002,SMASH/SMASH-CPT002,05,9(004),N,0,0,0,0,0,0,N,0,N,NUMERIQUE
SRSRADIS,WORKING-STORAGE SECTION,SMASHTRC,SMASH,SMASH-CPT003,SMASH/SMASH-CPT003,05,9(004),N,0,0,0,0,0,0,N,0,N,NUMERIQUE
SRSRADIS,WORKING-STORAGE SECTION,SMASHTRC,SMASH,SMASH-CPT004,SMASH/SMASH-CPT004,05,9(004),N,0,0,0,0,0,0,N,0,N,NUMERIQUE
SRSRADIS,WORKING-STORAGE SECTION,SMASHTRC,SMASH,SMASH-CPT005,SMASH/SMASH-CPT005,05,9(004),N,0,0,0,0,0,0,N,0,N,NUMERIQUE
SRSRADIS,WORKING-STORAGE SECTION,SMASHTRC,SMASH,SMASH-LENGTH,SMASH/SMASH-LENGTH,05,9(004),N,0,0,0,0,0,0,N,0,N,NUMERIQUE
SRSRADIS,WORKING-STORAGE SECTION,SMASHTRC,SMASH,SMASH-HHMM,SMASH/SMASH-HHMM,05,9(004),N,0,0,0,0,0,0,N,0,N,NUMERIQUE
SRSRADIS,WORKING-STORAGE SECTION,SMASHTRC,SMASH,SMASH-HHMMSS,SMASH/SMASH-HHMMSS,05,9(006),N,0,0,0,0,0,0,N,0,N,NUMERIQUE
SRSRADIS,WORKING-STORAGE SECTION,SMASHTRC,SMASH,SMASH-EIBTASKN,SMASH/SMASH-EIBTASKN,05,9(007),N,0,0,0,0,0,0,N,0,N,NUMERIQUE
SRSRADIS,WORKING-STORAGE SECTION,SMASHTRC,SMASH,SMASH-CM-RETCODE,SMASH/SMASH-CM-RETCODE,05,9(009),N,0,0,0,0,0,0,N,0,N,CODE
SRSRADIS,WORKING-STORAGE SECTION,SMASHTRC,SMASH,SMASH-STATUS-RECEIVED,SMASH/SMASH-STATUS-RECEIVED,05,9(009),N,0,0,0,0,0,0,N,0,N,NUMERIQUE
SRSRADIS,WORKING-STORAGE SECTION,SMASHTRC,SMASH,SMASH-RECEIVE-RETCODE1,SMASH/SMASH-RECEIVE-RETCODE1,05,9(009),N,0,0,0,0,0,0,N,0,N,CODE
SRSRADIS,WORKING-STORAGE SECTION,SMASHDIW,SMAD,SMAD,SMAD,01,,Y,0,0,0,0,0,0,N,0,N,
SRSRADIS,WORKING-STORAGE SECTION,SMASHDIW,SMAD,SMAD-LOG,SMAD/SMAD-LOG,05,9(001),N,0,0,0,0,0,0,N,0,N,NUMERIQUE
SRSRADIS,WORKING-STORAGE SECTION,SMASHDIW,SMAD,SMAD-GRP,SMAD/SMAD-GRP,05,,Y,1,1,1,0,0,0,N,0,N,
SRSRADIS,WORKING-STORAGE SECTION,SMASHDIW,SMAD,SMAD-PGM,SMAD/SMAD-GRP/SMAD-PGM,10,X(008).,Y,1,1,0,1,0,0,N,0,N,
SRSRADIS,WORKING-STORAGE SECTION,SMASHDIW,SMAD,SMAD-OPER,SMAD/SMAD-GRP/SMAD-OPER,10,X(008).,Y,41,41,0,41,0,0,N,0,Y,
SRSRADIS,WORKING-STORAGE SECTION,SMASHDIW,SMAD,SMAD-TRAN,SMAD/SMAD-GRP/SMAD-TRAN,10,X(004),N,0,0,0,0,0,0,N,0,N,
SRSRADIS,WORKING-STORAGE SECTION,SMASHDIW,SMAD,SMAD-XPGM,SMAD/SMAD-GRP/SMAD-XPGM,10,X(008).,N,0,0,0,0,0,0,N,0,N,
SRSRADIS,WORKING-STORAGE SECTION,SMASHDIW,SMAD,SMAD-TYNC,SMAD/SMAD-GRP/SMAD-TYNC,10,X(008).,N,0,0,0,0,0,0,N,0,N,
SRSRADIS,WORKING-STORAGE SECTION,SMASHDIW,SMAD,SMAD-CMAP,SMAD/SMAD-GRP/SMAD-CMAP,10,X(015).,N,0,0,0,0,0,0,N,0,N,
SRSRADIS,WORKING-STORAGE SECTION,SMASHDIW,SMAD,SMAD-TSQN,SMAD/SMAD-GRP/SMAD-TSQN,10,X(008).,N,0,0,0,0,0,0,N,0,N,
SRSRADIS,WORKING-STORAGE SECTION,SMASHDIW,SMAD,SMAD-TSQL,SMAD/SMAD-GRP/SMAD-TSQL,10,X(015).,N,0,0,0,0,0,0,N,0,N,
SRSRADIS,WORKING-STORAGE SECTION,SMASHDIW,SMAD,SMAD-TSQI,SMAD/SMAD-GRP/SMAD-TSQI,10,9(004).,N,0,0,0,0,0,0,N,0,N,NUMERIQUE
SRSRADIS,WORKING-STORAGE SECTION,SMASHDIW,SMAD,SMAD-INFO,SMAD/SMAD-GRP/SMAD-INFO,10,X(060).,N,0,0,0,0,0,0,N,0,N,
SRSRADIS,WORKING-STORAGE SECTION,SMASHDIW,SMAD,SMAD-DCOD,SMAD/SMAD-GRP/SMAD-DCOD,10,X(004).,N,0,0,0,0,0,0,N,0,N,
SRSRADIS,WORKING-STORAGE SECTION,SMASHDIW,SMAD,SMAD-FGRP,SMAD/SMAD-GRP/SMAD-FGRP,10,,N,0,0,0,0,0,0,N,0,N,
SRSRADIS,WORKING-STORAGE SECTION,SMASHDIW,SMAD,SMAD-FILE,SMAD/SMAD-GRP/SMAD-FGRP/SMAD-FILE,15,X(008).,N,0,0,0,0,0,0,N,0,N,
SRSRADIS,WORKING-STORAGE SECTION,SMASHDIW,SMAD,SMAD-FKEY,SMAD/SMAD-GRP/SMAD-FGRP/SMAD-FKEY,15,X(030).,N,0,0,0,0,0,0,N,0,N,
SRSRADIS,WORKING-STORAGE SECTION,SMASHDIW,SMAD,SMAD-STOR,SMAD/SMAD-GRP/SMAD-STOR,10,X(020).,N,0,0,0,0,0,0,N,0,N,
SRSRADIS,WORKING-STORAGE SECTION,SMASHDIW,SMAD,SMAD-TTRA,SMAD/SMAD-GRP/SMAD-TTRA,10,X(008).,N,0,0,0,0,0,0,N,0,N,
SRSRADIS,WORKING-STORAGE SECTION,SMASHDIW,SMAD,SMAD-RCOD,SMAD/SMAD-GRP/SMAD-RCOD,10,X(008).,N,0,0,0,0,0,0,N,0,N,
SRSRADIS,WORKING-STORAGE SECTION,SMASHDIW,SMAD,SMAD-RTYP,SMAD/SMAD-GRP/SMAD-RTYP,10,X(008).,N,0,0,0,0,0,0,N,0,N,
SRSRADIS,WORKING-STORAGE SECTION,SMASHDIW,SMAD,SMAD-INQT,SMAD/SMAD-GRP/SMAD-INQT,10,X(015).,N,0,0,0,0,0,0,N,0,N,
SRSRADIS,WORKING-STORAGE SECTION,SMASHDIW,SMAD,SMAD-INQX,SMAD/SMAD-GRP/SMAD-INQX,10,X(030).,N,0,0,0,0,0,0,N,0,N,
SRSRADIS,WORKING-STORAGE SECTION,SMASHDIW,SMAD,SMAD-TYPA,SMAD/SMAD-GRP/SMAD-TYPA,10,X(010).,N,0,0,0,0,0,0,N,0,N,
SRSRADIS,WORKING-STORAGE SECTION,SRSWFANO,SRSWFANO,SRSWFANO,SRSWFANO,01,,Y,0,0,0,0,0,0,N,0,N,
SRSRADIS,WORKING-STORAGE SECTION,SRSWFANO,SRSWFANO,SRSWFANO-MESS1,SRSWFANO/SRSWFANO-MESS1,05,,Y,3,3,3,0,0,0,N,0,Y,
SRSRADIS,WORKING-STORAGE SECTION,SRSWFANO,SRSWFANO,SRSWFANO-PGM,SRSWFANO/SRSWFANO-MESS1/SRSWFANO-PGM,10,X(08).,Y,3,3,0,3,0,0,N,0,Y,
SRSRADIS,WORKING-STORAGE SECTION,SRSWFANO,SRSWFANO,FILLER,SRSWFANO/SRSWFANO-MESS1/FILLER,10,X(03),N,0,0,0,0,0,0,N,0,N,
SRSRADIS,WORKING-STORAGE SECTION,SRSWFANO,SRSWFANO,FILLER,SRSWFANO/SRSWFANO-MESS1/FILLER,10,X(10),N,0,0,0,0,0,0,N,0,N,
SRSRADIS,WORKING-STORAGE SECTION,SRSWFANO,SRSWFANO,SRSWFANO-ORDRE,SRSWFANO/SRSWFANO-MESS1/SRSWFANO-ORDRE,10,X(10).,Y,3,3,0,3,0,0,N,0,Y,
SRSRADIS,WORKING-STORAGE SECTION,SRSWFANO,SRSWFANO,FILLER,SRSWFANO/SRSWFANO-MESS1/FILLER,10,X(05),N,0,0,0,0,0,0,N,0,N,
SRSRADIS,WORKING-STORAGE SECTION,SRSWFANO,SRSWFANO,SRSWFANO-FICHIER,SRSWFANO/SRSWFANO-MESS1/SRSWFANO-FICHIER,10,X(08).,Y,3,3,0,3,0,0,N,0,Y,
SRSRADIS,WORKING-STORAGE SECTION,SRSWFANO,SRSWFANO,FILLER,SRSWFANO/SRSWFANO-MESS1/FILLER,10,X(16),N,0,0,0,0,0,0,N,0,N,
SRSRADIS,WORKING-STORAGE SECTION,SRSWFANO,SRSWFANO,SRSWFANO-CODE,SRSWFANO/SRSWFANO-MESS1/SRSWFANO-CODE,10,9(04).,Y,3,3,0,3,0,0,N,0,Y,CODE
SRSRADIS,WORKING-STORAGE SECTION,SRSWFANO,SRSWFANO,FILLER,SRSWFANO/SRSWFANO-MESS1/FILLER,10,X(12),N,0,0,0,0,0,0,N,0,N,
SRSRADIS,WORKING-STORAGE SECTION,SRSWFANO,SRSWFANO,SRSWFANO-APPL,SRSWFANO/SRSWFANO-MESS1/SRSWFANO-APPL,10,X(03),N,0,0,0,0,0,0,N,0,N,
SRSRADIS,WORKING-STORAGE SECTION,SRSWFANO,SRSWFANO,SRSWFANO-MESS2,SRSWFANO/SRSWFANO-MESS2,05,,Y,3,3,3,0,0,0,N,0,Y,
SRSRADIS,WORKING-STORAGE SECTION,SRSWFANO,SRSWFANO,FILLER,SRSWFANO/SRSWFANO-MESS2/FILLER,10,X(12),N,0,0,0,0,0,0,N,0,N,
SRSRADIS,WORKING-STORAGE SECTION,SRSWFANO,SRSWFANO,SRSWFANO-REPERE,SRSWFANO/SRSWFANO-MESS2/SRSWFANO-REPERE,10,X(10).,Y,3,3,0,3,0,0,N,0,Y,
SRSRADIS,WORKING-STORAGE SECTION,SRSWFANO,SRSWFANO,FILLER,SRSWFANO/SRSWFANO-MESS2/FILLER,10,X(08),N,0,0,0,0,0,0,N,0,N,
SRSRADIS,WORKING-STORAGE SECTION,SRSWFANO,SRSWFANO,SRSWFANO-CLE,SRSWFANO/SRSWFANO-MESS2/SRSWFANO-CLE,10,X(40).,Y,3,3,0,3,0,0,N,0,Y,
SRSRADIS,WORKING-STORAGE SECTION,SRSWFANO,SRSWFANO,FILLER,SRSWFANO/SRSWFANO-MESS2/FILLER,10,X(09),N,0,0,0,0,0,0,N,0,N,
SRSRADIS,WORKING-STORAGE SECTION,SRSWSRCZ,W-SRCZ-MS,W-SRCZ-MS,W-SRCZ-MS,01,,Y,0,0,0,0,0,0,N,0,N,
SRSRADIS,WORKING-STORAGE SECTION,SRSWSRCZ,W-SRCZ-MS,W-SRCZ-ID,W-SRCZ-MS/W-SRCZ-ID,05,,Y,2,1,2,0,0,0,N,0,N,IDENTIFIANT
SRSRADIS,WORKING-STORAGE SECTION,SRSWSRCZ,W-SRCZ-MS,W-SRCZ-IDMS,W-SRCZ-MS/W-SRCZ-ID/W-SRCZ-IDMS,10,X(4).,Y,1,1,0,1,0,0,N,0,N,IDENTIFIANT
SRSRADIS,WORKING-STORAGE SECTION,SRSWSRCZ,W-SRCZ-MS,W-SRCZ-TERM,W-SRCZ-MS/W-SRCZ-ID/W-SRCZ-TERM,10,X(4).,Y,1,1,0,1,0,0,N,0,N,
SRSRADIS,WORKING-STORAGE SECTION,SRSWSRCZ,W-SRCZ-MS,W-SRCZ-DONNEES,W-SRCZ-MS/W-SRCZ-DONNEES,05,,Y,2,1,2,0,0,0,N,0,N,
SRSRADIS,WORKING-STORAGE SECTION,SRSWSRCZ,W-SRCZ-MS,W-SRCZ-MESS1,W-SRCZ-MS/W-SRCZ-DONNEES/W-SRCZ-MESS1,10,,Y,4,4,1,3,0,0,N,0,Y,
SRSRADIS,WORKING-STORAGE SECTION,SRSWSRCZ,W-SRCZ-MS,FILLER,W-SRCZ-MS/W-SRCZ-DONNEES/W-SRCZ-MESS1/FILLER,15,X(76).,N,0,0,0,0,0,0,N,0,N,
SRSRADIS,WORKING-STORAGE SECTION,SRSWSRCZ,W-SRCZ-MS,W-SRCZ-APPL,W-SRCZ-MS/W-SRCZ-DONNEES/W-SRCZ-MESS1/W-SRCZ-APPL,15,X(03).,N,0,0,0,0,0,0,N,0,N,
SRSRADIS,WORKING-STORAGE SECTION,SRSWSRCZ,W-SRCZ-MS,W-SRCZ-MESS2,W-SRCZ-MS/W-SRCZ-DONNEES/W-SRCZ-MESS2,10,X(79).,Y,4,4,1,3,0,0,N,0,Y,
SRSRADIS,WORKING-STORAGE SECTION,SRSWSRCZ,W-SRCZ-MS,W-SRCZ-ABEND,W-SRCZ-MS/W-SRCZ-DONNEES/W-SRCZ-ABEND,10,X(04).,N,0,0,0,0,0,0,N,0,N,
SRSRADIS,WORKING-STORAGE SECTION,SRSCOMIN,W-SRCZ-MS,SRSIN-COMM,W-SRCZ-MS/SRSIN-COMM,03,,Y,1,1,1,0,0,0,N,0,N,
SRSRADIS,WORKING-STORAGE SECTION,SRSCOMIN,W-SRCZ-MS,SRSIN-INFOS,W-SRCZ-MS/SRSIN-COMM/SRSIN-INFOS,05,,Y,1,1,0,1,0,0,N,0,N,
SRSRADIS,WORKING-STORAGE SECTION,SRSCOMIN,W-SRCZ-MS,SRSIN-TYPAPPEL,W-SRCZ-MS/SRSIN-COMM/SRSIN-INFOS/SRSIN-TYPAPPEL,10,X.,N,0,0,0,0,0,0,N,0,N,
SRSRADIS,WORKING-STORAGE SECTION,SRSCOMIN,W-SRCZ-MS,SRSIN-INFO-SESS,W-SRCZ-MS/SRSIN-COMM/SRSIN-INFOS/SRSIN-INFO-SESS,10,,Y,0,0,0,0,0,0,N,0,N,
SRSRADIS,WORKING-STORAGE SECTION,SRSCOMIN,W-SRCZ-MS,SRSIN-CODAPPL,W-SRCZ-MS/SRSIN-COMM/SRSIN-INFOS/SRSIN-INFO-SESS/SRSIN-CODAPPL,15,X(3).,Y,1,1,0,1,0,0,N,0,N,
SRSRADIS,WORKING-STORAGE SECTION,SRSCOMIN,W-SRCZ-MS,SRSIN-CODFONC,W-SRCZ-MS/SRSIN-COMM/SRSIN-INFOS/SRSIN-INFO-SESS/SRSIN-CODFONC,15,X.,N,0,0,0,0,0,0,N,0,N,
SRSRADIS,WORKING-STORAGE SECTION,SRSCOMIN,W-SRCZ-MS,SRSIN-NOMUTIL,W-SRCZ-MS/SRSIN-COMM/SRSIN-INFOS/SRSIN-INFO-SESS/SRSIN-NOMUTIL,15,,N,0,0,0,0,0,0,N,0,N,
SRSRADIS,WORKING-STORAGE SECTION,SRSCOMIN,W-SRCZ-MS,SRSIN-CODSERV,W-SRCZ-MS/SRSIN-COMM/SRSIN-INFOS/SRSIN-INFO-SESS/SRSIN-NOMUTIL/SRSIN-CODSERV,20,X(6).,N,0,0,0,0,0,0,N,0,N,
SRSRADIS,WORKING-STORAGE SECTION,SRSCOMIN,W-SRCZ-MS,SRSIN-IDUTIL,W-SRCZ-MS/SRSIN-COMM/SRSIN-INFOS/SRSIN-INFO-SESS/SRSIN-NOMUTIL/SRSIN-IDUTIL,20,X(2).,N,0,0,0,0,0,0,N,0,N,IDENTIFIANT
SRSRADIS,WORKING-STORAGE SECTION,SRSCOMIN,W-SRCZ-MS,FILLER,W-SRCZ-MS/SRSIN-COMM/SRSIN-INFOS/SRSIN-INFO-SESS/FILLER,15,,N,0,0,0,0,0,0,N,0,N,
SRSRADIS,WORKING-STORAGE SECTION,SRSCOMIN,W-SRCZ-MS,SRSIN-NIVEAU,W-SRCZ-MS/SRSIN-COMM/SRSIN-INFOS/SRSIN-INFO-SESS/FILLER/SRSIN-NIVEAU,20,X.,N,0,0,0,0,0,0,N,0,N,
SRSRADIS,WORKING-STORAGE SECTION,SRSCOMIN,W-SRCZ-MS,FILLER,W-SRCZ-MS/SRSIN-COMM/SRSIN-INFOS/SRSIN-INFO-SESS/FILLER/FILLER,20,X(7).,N,0,0,0,0,0,0,N,0,N,
SRSRADIS,WORKING-STORAGE SECTION,SRSCOMIN,W-SRCZ-MS,SRSIN-TYPRESS,W-SRCZ-MS/SRSIN-COMM/SRSIN-INFOS/SRSIN-TYPRESS,10,X.,N,0,0,0,0,0,0,N,0,N,
SRSRADIS,WORKING-STORAGE SECTION,SRSCOMIN,W-SRCZ-MS,SRSIN-NOMRESS,W-SRCZ-MS/SRSIN-COMM/SRSIN-INFOS/SRSIN-NOMRESS,10,X(8).,N,0,0,0,0,0,0,N,0,N,
SRSRADIS,WORKING-STORAGE SECTION,SRSCOMIN,W-SRCZ-MS,FILLER,W-SRCZ-MS/SRSIN-COMM/SRSIN-INFOS/FILLER,10,,N,0,0,0,0,0,0,N,0,N,
SRSRADIS,WORKING-STORAGE SECTION,SRSCOMIN,W-SRCZ-MS,SRSIN-NOM-IMP,W-SRCZ-MS/SRSIN-COMM/SRSIN-INFOS/FILLER/SRSIN-NOM-IMP,15,X(4).,N,0,0,0,0,0,0,N,0,N,
SRSRADIS,WORKING-STORAGE SECTION,SRSCOMIN,W-SRCZ-MS,SRSIN-TYP-MESS,W-SRCZ-MS/SRSIN-COMM/SRSIN-INFOS/FILLER/SRSIN-TYP-MESS,15,X(4).,N,0,0,0,0,0,0,N,0,N,
SRSRADIS,WORKING-STORAGE SECTION,SRSCOMIN,W-SRCZ-MS,FILLER,W-SRCZ-MS/SRSIN-COMM/SRSIN-INFOS/FILLER,10,,N,0,0,0,0,0,0,N,0,N,
SRSRADIS,WORKING-STORAGE SECTION,SRSCOMIN,W-SRCZ-MS,SRSIN-NOMTERM,W-SRCZ-MS/SRSIN-COMM/SRSIN-INFOS/FILLER/SRSIN-NOMTERM,15,X(4).,N,0,0,0,0,0,0,N,0,N,
SRSRADIS,WORKING-STORAGE SECTION,SRSCOMIN,W-SRCZ-MS,FILLER,W-SRCZ-MS/SRSIN-COMM/SRSIN-INFOS/FILLER/FILLER,15,X(4).,N,0,0,0,0,0,0,N,0,N,
SRSRADIS,WORKING-STORAGE SECTION,SRSCOMIN,W-SRCZ-MS,FILLER,W-SRCZ-MS/SRSIN-COMM/SRSIN-INFOS/FILLER,10,,N,0,0,0,0,0,0,N,0,N,
SRSRADIS,WORKING-STORAGE SECTION,SRSCOMIN,W-SRCZ-MS,SRSIN-NOMTRAN,W-SRCZ-MS/SRSIN-COMM/SRSIN-INFOS/FILLER/SRSIN-NOMTRAN,15,X(4).,N,0,0,0,0,0,0,N,0,N,
SRSRADIS,WORKING-STORAGE SECTION,SRSCOMIN,W-SRCZ-MS,FILLER,W-SRCZ-MS/SRSIN-COMM/SRSIN-INFOS/FILLER/FILLER,15,X(4).,N,0,0,0,0,0,0,N,0,N,
SRSRADIS,WORKING-STORAGE SECTION,SRSCOMIN,W-SRCZ-MS,FILLER,W-SRCZ-MS/SRSIN-COMM/SRSIN-INFOS/FILLER,10,,N,0,0,0,0,0,0,N,0,N,
SRSRADIS,WORKING-STORAGE SECTION,SRSCOMIN,W-SRCZ-MS,SRSIN-NOMPROG,W-SRCZ-MS/SRSIN-COMM/SRSIN-INFOS/FILLER/SRSIN-NOMPROG,15,X(8).,Y,1,1,0,1,0,0,N,0,N,
SRSRADIS,WORKING-STORAGE SECTION,SRSCOMIN,W-SRCZ-MS,FILLER,W-SRCZ-MS/SRSIN-COMM/SRSIN-INFOS/FILLER,10,,N,0,0,0,0,0,0,N,0,N,
SRSRADIS,WORKING-STORAGE SECTION,SRSCOMIN,W-SRCZ-MS,SRSIN-NOMFONC,W-SRCZ-MS/SRSIN-COMM/SRSIN-INFOS/FILLER/SRSIN-NOMFONC,15,X.,N,0,0,0,0,0,0,N,0,N,
SRSRADIS,WORKING-STORAGE SECTION,SRSCOMIN,W-SRCZ-MS,FILLER,W-SRCZ-MS/SRSIN-COMM/SRSIN-INFOS/FILLER/FILLER,15,X(7).,N,0,0,0,0,0,0,N,0,N,
SRSRADIS,WORKING-STORAGE SECTION,SRSCOMIN,W-SRCZ-MS,FILLER,W-SRCZ-MS/SRSIN-COMM/SRSIN-INFOS/FILLER,10,,Y,0,0,0,0,0,0,N,0,N,
SRSRADIS,WORKING-STORAGE SECTION,SRSCOMIN,W-SRCZ-MS,SRSIN-NOMFICH,W-SRCZ-MS/SRSIN-COMM/SRSIN-INFOS/FILLER/SRSIN-NOMFICH,15,X(8).,N,0,0,0,0,0,0,N,0,N,
SRSRADIS,WORKING-STORAGE SECTION,SRSCOMIN,W-SRCZ-MS,SRSIN-TRANS-APP,W-SRCZ-MS/SRSIN-COMM/SRSIN-INFOS/SRSIN-TRANS-APP,10,X(4).,N,0,0,0,0,0,0,N,0,N,
SRSRADIS,WORKING-STORAGE SECTION,SRSCOMIN,W-SRCZ-MS,SRSIN-CODTRAN,W-SRCZ-MS/SRSIN-COMM/SRSIN-INFOS/SRSIN-CODTRAN,10,X(4).,Y,1,1,0,1,0,0,N,0,N,
SRSRADIS,WORKING-STORAGE SECTION,SRSCOMIN,W-SRCZ-MS,SRSIN-INFO-MS,W-SRCZ-MS/SRSIN-COMM/SRSIN-INFO-MS,05,,Y,0,0,0,0,0,0,N,0,N,
SRSRADIS,WORKING-STORAGE SECTION,SRSCOMIN,W-SRCZ-MS,SRSIN-IDMS,W-SRCZ-MS/SRSIN-COMM/SRSIN-INFO-MS/SRSIN-IDMS,10,,N,0,0,0,0,0,0,N,0,N,IDENTIFIANT
SRSRADIS,WORKING-STORAGE SECTION,SRSCOMIN,W-SRCZ-MS,SRSIN-IDMSPREF,W-SRCZ-MS/SRSIN-COMM/SRSIN-INFO-MS/SRSIN-IDMS/SRSIN-IDMSPREF,15,X(3).,N,0,0,0,0,0,0,N,0,N,IDENTIFIANT
SRSRADIS,WORKING-STORAGE SECTION,SRSCOMIN,W-SRCZ-MS,SRSIN-CICS,W-SRCZ-MS/SRSIN-COMM/SRSIN-INFO-MS/SRSIN-IDMS/SRSIN-CICS,15,X.,N,0,0,0,0,0,0,N,0,N,
SRSRADIS,WORKING-STORAGE SECTION,SRSCOMIN,W-SRCZ-MS,SRSIN-TERMID,W-SRCZ-MS/SRSIN-COMM/SRSIN-INFO-MS/SRSIN-IDMS/SRSIN-TERMID,15,X(4).,N,0,0,0,0,0,0,N,0,N,IDENTIFIANT
SRSRADIS,WORKING-STORAGE SECTION,SRSCOMIN,W-SRCZ-MS,SRSIN-TASKN,W-SRCZ-MS/SRSIN-COMM/SRSIN-INFO-MS/SRSIN-IDMS/SRSIN-TASKN,15,,N,0,0,0,0,0,0,N,0,N,
SRSRADIS,WORKING-STORAGE SECTION,SRSCOMIN,W-SRCZ-MS,SRSIN-NBELEM,W-SRCZ-MS/SRSIN-COMM/SRSIN-INFO-MS/SRSIN-NBELEM,10,S9(4) COMP.,Y,1,1,1,0,0,0,N,0,N,NUMERIQUE
SRSRADIS,WORKING-STORAGE SECTION,SRSCOMIN,W-SRCZ-MS,SRSIN-LGELEM,W-SRCZ-MS/SRSIN-COMM/SRSIN-INFO-MS/SRSIN-LGELEM,10,S9(4) COMP.,N,0,0,0,0,0,0,N,0,N,NUMERIQUE
SRSRADIS,WORKING-STORAGE SECTION,SRSCOMIN,W-SRCZ-MS,SRSIN-RC,W-SRCZ-MS/SRSIN-COMM/SRSIN-RC,05,,Y,0,0,0,0,0,0,N,0,N,
SRSRADIS,WORKING-STORAGE SECTION,SRSCOMIN,W-SRCZ-MS,SRSIN-RC-SRS,W-SRCZ-MS/SRSIN-COMM/SRSIN-RC/SRSIN-RC-SRS,10,99.,Y,1,1,0,1,0,0,N,0,N,
SRSRADIS,WORKING-STORAGE SECTION,SRSCOMIN,W-SRCZ-MS,SRSIN-RC-CICS,W-SRCZ-MS/SRSIN-COMM/SRSIN-RC/SRSIN-RC-CICS,10,S9(8) COMP.,N,0,0,0,0,0,0,N,0,N,NUMERIQUE
SRSRADIS,WORKING-STORAGE SECTION,SRSCOMIN,W-SRCZ-MS,SRSIN-APPLID,W-SRCZ-MS/SRSIN-COMM/SRSIN-APPLID,05,,Y,1,1,0,1,0,0,N,0,N,IDENTIFIANT
SRSRADIS,WORKING-STORAGE SECTION,SRSCOMIN,W-SRCZ-MS,FILLER,W-SRCZ-MS/SRSIN-COMM/SRSIN-APPLID/FILLER,10,X(4).,N,0,0,0,0,0,0,N,0,N,
SRSRADIS,WORKING-STORAGE SECTION,SRSCOMIN,W-SRCZ-MS,SRSIN-TYP-CICS,W-SRCZ-MS/SRSIN-COMM/SRSIN-APPLID/SRSIN-TYP-CICS,10,X(3).,N,0,0,0,0,0,0,N,0,N,
SRSRADIS,WORKING-STORAGE SECTION,SRSCOMIN,W-SRCZ-MS,SRSIN-ID-CICS,W-SRCZ-MS/SRSIN-COMM/SRSIN-APPLID/SRSIN-ID-CICS,10,X.,N,0,0,0,0,0,0,N,0,N,IDENTIFIANT
SRSRADIS,WORKING-STORAGE SECTION,SRSCOMIN,W-SRCZ-MS,SRSIN-DONNEES,W-SRCZ-MS/SRSIN-COMM/SRSIN-DONNEES,05,,Y,0,0,0,0,0,0,N,0,N,
SRSRADIS,WORKING-STORAGE SECTION,SRSCOMIN,W-SRCZ-MS,SRSIN-SESS,W-SRCZ-MS/SRSIN-COMM/SRSIN-DONNEES/SRSIN-SESS,10,,N,0,0,0,0,0,0,N,0,N,
SRSRADIS,WORKING-STORAGE SECTION,SRSCOMIN,W-SRCZ-MS,SRSIN-CODPOST,W-SRCZ-MS/SRSIN-COMM/SRSIN-DONNEES/SRSIN-SESS/SRSIN-CODPOST,15,X(6).,N,0,0,0,0,0,0,N,0,N,
SRSRADIS,WORKING-STORAGE SECTION,SRSCOMIN,W-SRCZ-MS,SRSIN-CODFONC-MNEMO,W-SRCZ-MS/SRSIN-COMM/SRSIN-DONNEES/SRSIN-SESS/SRSIN-CODFONC-MNEMO,15,X(4).,N,0,0,0,0,0,0,N,0,N,
SRSRADIS,WORKING-STORAGE SECTION,SRSCOMIN,W-SRCZ-MS,FILLER,W-SRCZ-MS/SRSIN-COMM/SRSIN-DONNEES/FILLER,10,,N,0,0,0,0,0,0,N,0,N,
SRSRADIS,WORKING-STORAGE SECTION,SRSCOMIN,W-SRCZ-MS,SRSIN-ADRMVT,W-SRCZ-MS/SRSIN-COMM/SRSIN-DONNEES/FILLER/SRSIN-ADRMVT,15,S9(8) COMP.,N,0,0,0,0,0,0,N,0,N,NUMERIQUE
SRSRADIS,WORKING-STORAGE SECTION,SRSCOMIN,W-SRCZ-MS,FILLER,W-SRCZ-MS/SRSIN-COMM/SRSIN-DONNEES/FILLER/FILLER,15,X(6).,N,0,0,0,0,0,0,N,0,N,
SRSRADIS,WORKING-STORAGE SECTION,SRSCOMIN,W-SRCZ-MS,FILLER,W-SRCZ-MS/SRSIN-COMM/SRSIN-DONNEES/FILLER,10,,N,0,0,0,0,0,0,N,0,N,
SRSRADIS,WORKING-STORAGE SECTION,SRSCOMIN,W-SRCZ-MS,SRSIN-CPOSN,W-SRCZ-MS/SRSIN-COMM/SRSIN-DONNEES/FILLER/SRSIN-CPOSN,15,S9(4) COMP.,N,0,0,0,0,0,0,N,0,N,NUMERIQUE
SRSRADIS,WORKING-STORAGE SECTION,SRSCOMIN,W-SRCZ-MS,FILLER,W-SRCZ-MS/SRSIN-COMM/SRSIN-DONNEES/FILLER/FILLER,15,X(8).,N,0,0,0,0,0,0,N,0,N,
SRSRADIS,WORKING-STORAGE SECTION,SRSCOMIN,W-SRCZ-MS,SRSIN-ETAT-IMP,W-SRCZ-MS/SRSIN-COMM/SRSIN-DONNEES/SRSIN-ETAT-IMP,10,,N,0,0,0,0,0,0,N,0,N,FLAG/ETAT
SRSRADIS,WORKING-STORAGE SECTION,SRSCOMIN,W-SRCZ-MS,SRSIN-ETAT-ACQ,W-SRCZ-MS/SRSIN-COMM/SRSIN-DONNEES/SRSIN-ETAT-IMP/SRSIN-ETAT-ACQ,15,X(3).,N,0,0,0,0,0,0,N,0,N,FLAG/ETAT
SRSRADIS,WORKING-STORAGE SECTION,SRSCOMIN,W-SRCZ-MS,SRSIN-ETAT-DIS,W-SRCZ-MS/SRSIN-COMM/SRSIN-DONNEES/SRSIN-ETAT-IMP/SRSIN-ETAT-DIS,15,X(3).,N,0,0,0,0,0,0,N,0,N,FLAG/ETAT
SRSRADIS,WORKING-STORAGE SECTION,SRSCOMIN,W-SRCZ-MS,FILLER,W-SRCZ-MS/SRSIN-COMM/SRSIN-DONNEES/SRSIN-ETAT-IMP/FILLER,15,X(4).,N,0,0,0,0,0,0,N,0,N,
SRSRADIS,WORKING-STORAGE SECTION,SRSCOMIN,W-SRCZ-MS,SRSIN-ABEND,W-SRCZ-MS/SRSIN-COMM/SRSIN-DONNEES/SRSIN-ABEND,10,,Y,0,0,0,0,0,0,N,0,N,
SRSRADIS,WORKING-STORAGE SECTION,SRSCOMIN,W-SRCZ-MS,SRSIN-CODFINA,W-SRCZ-MS/SRSIN-COMM/SRSIN-DONNEES/SRSIN-ABEND/SRSIN-CODFINA,15,X(4).,Y,1,1,0,1,0,0,N,0,N,
SRSRADIS,WORKING-STORAGE SECTION,SRSCOMIN,W-SRCZ-MS,FILLER,W-SRCZ-MS/SRSIN-COMM/SRSIN-DONNEES/SRSIN-ABEND/FILLER,15,X(6).,N,0,0,0,0,0,0,N,0,N,
SRSRADIS,WORKING-STORAGE SECTION,SRSCOMIN,W-SRCZ-MS,SRSIN-MESSNUM,W-SRCZ-MS/SRSIN-COMM/SRSIN-DONNEES/SRSIN-MESSNUM,10,,N,0,0,0,0,0,0,N,0,N,
SRSRADIS,WORKING-STORAGE SECTION,SRSCOMIN,W-SRCZ-MS,SRSIN-NUMMESS,W-SRCZ-MS/SRSIN-COMM/SRSIN-DONNEES/SRSIN-MESSNUM/SRSIN-NUMMESS,15,9(5).,N,0,0,0,0,0,0,N,0,N,NUMERIQUE
SRSRADIS,WORKING-STORAGE SECTION,SRSCOMIN,W-SRCZ-MS,FILLER,W-SRCZ-MS/SRSIN-COMM/SRSIN-DONNEES/SRSIN-MESSNUM/FILLER,15,X(5).,N,0,0,0,0,0,0,N,0,N,
SRSRADIS,WORKING-STORAGE SECTION,SRSFAPPA,FAPPA-ENR,FAPPA-ENR,FAPPA-ENR,01,,Y,3,3,3,0,0,0,N,0,Y,
SRSRADIS,WORKING-STORAGE SECTION,SRSFAPPA,FAPPA-ENR,FAPPA-CLE,FAPPA-ENR/FAPPA-CLE,05,,Y,5,3,5,0,0,0,N,0,Y,
SRSRADIS,WORKING-STORAGE SECTION,SRSFAPPA,FAPPA-ENR,FAPPA-CLE-TYPE,FAPPA-ENR/FAPPA-CLE/FAPPA-CLE-TYPE,10,X.,Y,2,2,0,2,0,0,N,0,Y,
SRSRADIS,WORKING-STORAGE SECTION,SRSFAPPA,FAPPA-ENR,FAPPA-CLE-APPL,FAPPA-ENR/FAPPA-CLE/FAPPA-CLE-APPL,10,X(3).,Y,2,2,0,2,0,0,N,0,Y,
SRSRADIS,WORKING-STORAGE SECTION,SRSFAPPA,FAPPA-ENR,FAPPA-DONNEES,FAPPA-ENR/FAPPA-DONNEES,05,,Y,0,0,0,0,0,0,N,0,N,
SRSRADIS,WORKING-STORAGE SECTION,SRSFAPPA,FAPPA-ENR,FAPPA-LIBAPPL,FAPPA-ENR/FAPPA-DONNEES/FAPPA-LIBAPPL,10,X(40).,N,0,0,0,0,0,0,N,0,N,
SRSRADIS,WORKING-STORAGE SECTION,SRSFAPPA,FAPPA-ENR,FAPPA-CODAPPL-REDUIT,FAPPA-ENR/FAPPA-DONNEES/FAPPA-CODAPPL-REDUIT,10,,N,0,0,0,0,0,0,N,0,N,
SRSRADIS,WORKING-STORAGE SECTION,SRSFAPPA,FAPPA-ENR,FAPPA-CODAPPL-REDUIT1,FAPPA-ENR/FAPPA-DONNEES/FAPPA-CODAPPL-REDUIT/FAPPA-CODAPPL-REDUIT1,15,X.,N,0,0,0,0,0,0,N,0,N,
SRSRADIS,WORKING-STORAGE SECTION,SRSFAPPA,FAPPA-ENR,FAPPA-CODAPPL-REDUIT2,FAPPA-ENR/FAPPA-DONNEES/FAPPA-CODAPPL-REDUIT/FAPPA-CODAPPL-REDUIT2,15,X.,N,0,0,0,0,0,0,N,0,N,
SRSRADIS,WORKING-STORAGE SECTION,SRSFAPPA,FAPPA-ENR,FAPPA-IDENTAOR,FAPPA-ENR/FAPPA-DONNEES/FAPPA-IDENTAOR,10,X.,N,0,0,0,0,0,0,N,0,N,IDENTIFIANT
SRSRADIS,WORKING-STORAGE SECTION,SRSFAPPA,FAPPA-ENR,FAPPA-CODDISPO-APPL,FAPPA-ENR/FAPPA-DONNEES/FAPPA-CODDISPO-APPL,10,9.,Y,4,2,1,3,0,0,N,0,Y,
SRSRADIS,WORKING-STORAGE SECTION,SRSFAPPA,FAPPA-ENR,FAPPA-CODDISPO-APPL-SEC,FAPPA-ENR/FAPPA-DONNEES/FAPPA-CODDISPO-APPL-SEC,10,9.,N,0,0,0,0,0,0,N,0,N,
SRSRADIS,WORKING-STORAGE SECTION,SRSFAPPA,FAPPA-ENR,FAPPA-MESSIND-APPL,FAPPA-ENR/FAPPA-DONNEES/FAPPA-MESSIND-APPL,10,,Y,2,2,1,1,1,0,N,0,Y,FLAG/ETAT
SRSRADIS,WORKING-STORAGE SECTION,SRSFAPPA,FAPPA-ENR,FAPPA-MESSIND-L1,FAPPA-ENR/FAPPA-DONNEES/FAPPA-MESSIND-APPL/FAPPA-MESSIND-L1,15,X(79).,N,0,0,0,0,0,0,N,0,N,FLAG/ETAT
SRSRADIS,WORKING-STORAGE SECTION,SRSFAPPA,FAPPA-ENR,FAPPA-MESSIND-L2,FAPPA-ENR/FAPPA-DONNEES/FAPPA-MESSIND-APPL/FAPPA-MESSIND-L2,15,X(79).,N,0,0,0,0,0,0,N,0,N,FLAG/ETAT
SRSRADIS,WORKING-STORAGE SECTION,SRSFAPPA,FAPPA-ENR,FAPPA-INDIC-IDMS,FAPPA-ENR/FAPPA-DONNEES/FAPPA-INDIC-IDMS,10,X.,N,0,0,0,0,0,0,N,0,N,FLAG/ETAT
SRSRADIS,WORKING-STORAGE SECTION,SRSFAPPA,FAPPA-ENR,FAPPA-VAL-HORSAOR,FAPPA-ENR/FAPPA-DONNEES/FAPPA-VAL-HORSAOR,10,9.,N,0,0,0,0,0,0,N,0,N,
SRSRADIS,WORKING-STORAGE SECTION,SRSFAPPA,FAPPA-ENR,FAPPA-NOMRESP,FAPPA-ENR/FAPPA-DONNEES/FAPPA-NOMRESP,10,,N,0,0,0,0,0,0,N,0,N,
SRSRADIS,WORKING-STORAGE SECTION,SRSFAPPA,FAPPA-ENR,FAPPA-USERIDTSO,FAPPA-ENR/FAPPA-DONNEES/FAPPA-NOMRESP/FAPPA-USERIDTSO,15,X(8).,N,0,0,0,0,0,0,N,0,N,IDENTIFIANT
SRSRADIS,WORKING-STORAGE SECTION,SRSFAPPA,FAPPA-ENR,FAPPA-USERIDRACF,FAPPA-ENR/FAPPA-DONNEES/FAPPA-NOMRESP/FAPPA-USERIDRACF,15,X(8).,N,0,0,0,0,0,0,N,0,N,IDENTIFIANT
SRSRADIS,WORKING-STORAGE SECTION,SRSFAPPA,FAPPA-ENR,FAPPA-TRANSINI,FAPPA-ENR/FAPPA-DONNEES/FAPPA-TRANSINI,10,X(4).,N,0,0,0,0,0,0,N,0,N,
SRSRADIS,WORKING-STORAGE SECTION,SRSFAPPA,FAPPA-ENR,FAPPA-TEL,FAPPA-ENR/FAPPA-DONNEES/FAPPA-TEL,10,9(10).,N,0,0,0,0,0,0,N,0,N,NUMERIQUE
SRSRADIS,WORKING-STORAGE SECTION,SRSFAPPA,FAPPA-ENR,FAPPA-POSTTEL,FAPPA-ENR/FAPPA-DONNEES/FAPPA-POSTTEL,10,X(4).,N,0,0,0,0,0,0,N,0,N,
SRSRADIS,WORKING-STORAGE SECTION,SRSFAPPA,FAPPA-ENR,FAPPA-HEUREDEB,FAPPA-ENR/FAPPA-DONNEES/FAPPA-HEUREDEB,10,,N,0,0,0,0,0,0,N,0,N,
SRSRADIS,WORKING-STORAGE SECTION,SRSFAPPA,FAPPA-ENR,FAPPA-HDVAC,FAPPA-ENR/FAPPA-DONNEES/FAPPA-HEUREDEB/FAPPA-HDVAC,15,9(2).,N,0,0,0,0,0,0,N,0,N,NUMERIQUE
SRSRADIS,WORKING-STORAGE SECTION,SRSFAPPA,FAPPA-ENR,FAPPA-MDVAC,FAPPA-ENR/FAPPA-DONNEES/FAPPA-HEUREDEB/FAPPA-MDVAC,15,9(2).,N,0,0,0,0,0,0,N,0,N,NUMERIQUE
SRSRADIS,WORKING-STORAGE SECTION,SRSFAPPA,FAPPA-ENR,FAPPA-HEUREFIN,FAPPA-ENR/FAPPA-DONNEES/FAPPA-HEUREFIN,10,,N,0,0,0,0,0,0,N,0,N,
SRSRADIS,WORKING-STORAGE SECTION,SRSFAPPA,FAPPA-ENR,FAPPA-HFVAC,FAPPA-ENR/FAPPA-DONNEES/FAPPA-HEUREFIN/FAPPA-HFVAC,15,9(2).,N,0,0,0,0,0,0,N,0,N,NUMERIQUE
SRSRADIS,WORKING-STORAGE SECTION,SRSFAPPA,FAPPA-ENR,FAPPA-MFVAC,FAPPA-ENR/FAPPA-DONNEES/FAPPA-HEUREFIN/FAPPA-MFVAC,15,9(2).,N,0,0,0,0,0,0,N,0,N,NUMERIQUE
SRSRADIS,WORKING-STORAGE SECTION,SRSFAPPA,FAPPA-ENR,FAPPA-HEUREDEB-VDX,FAPPA-ENR/FAPPA-DONNEES/FAPPA-HEUREDEB-VDX,10,,N,0,0,0,0,0,0,N,0,N,
SRSRADIS,WORKING-STORAGE SECTION,SRSFAPPA,FAPPA-ENR,FAPPA-HDVAC-VDX,FAPPA-ENR/FAPPA-DONNEES/FAPPA-HEUREDEB-VDX/FAPPA-HDVAC-VDX,15,9(2).,N,0,0,0,0,0,0,N,0,N,NUMERIQUE
SRSRADIS,WORKING-STORAGE SECTION,SRSFAPPA,FAPPA-ENR,FAPPA-MDVAC-VDX,FAPPA-ENR/FAPPA-DONNEES/FAPPA-HEUREDEB-VDX/FAPPA-MDVAC-VDX,15,9(2).,N,0,0,0,0,0,0,N,0,N,NUMERIQUE
SRSRADIS,WORKING-STORAGE SECTION,SRSFAPPA,FAPPA-ENR,FAPPA-HEUREFIN-VDX,FAPPA-ENR/FAPPA-DONNEES/FAPPA-HEUREFIN-VDX,10,,N,0,0,0,0,0,0,N,0,N,
SRSRADIS,WORKING-STORAGE SECTION,SRSFAPPA,FAPPA-ENR,FAPPA-HFVAC-VDX,FAPPA-ENR/FAPPA-DONNEES/FAPPA-HEUREFIN-VDX/FAPPA-HFVAC-VDX,15,9(2).,N,0,0,0,0,0,0,N,0,N,NUMERIQUE
SRSRADIS,WORKING-STORAGE SECTION,SRSFAPPA,FAPPA-ENR,FAPPA-MFVAC-VDX,FAPPA-ENR/FAPPA-DONNEES/FAPPA-HEUREFIN-VDX/FAPPA-MFVAC-VDX,15,9(2).,N,0,0,0,0,0,0,N,0,N,NUMERIQUE
SRSRADIS,WORKING-STORAGE SECTION,SRSFAPPA,FAPPA-ENR,FAPPA-SYSID-LIST,FAPPA-ENR/FAPPA-DONNEES/FAPPA-SYSID-LIST,10,,Y,0,0,0,0,0,0,N,0,N,IDENTIFIANT
SRSRADIS,WORKING-STORAGE SECTION,SRSFAPPA,FAPPA-ENR,FAPPA-SYSID-TOR-LIST,FAPPA-ENR/FAPPA-DONNEES/FAPPA-SYSID-LIST/FAPPA-SYSID-TOR-LIST,15,,N,0,0,0,0,0,0,N,0,N,IDENTIFIANT
SRSRADIS,WORKING-STORAGE SECTION,SRSFAPPA,FAPPA-ENR,FAPPA-SYSID-TOR,FAPPA-ENR/FAPPA-DONNEES/FAPPA-SYSID-LIST/FAPPA-SYSID-TOR-LIST/FAPPA-SYSID-TOR,20,X(4),N,0,0,0,0,0,0,N,0,N,IDENTIFIANT
SRSRADIS,WORKING-STORAGE SECTION,SRSFAPPA,FAPPA-ENR,FAPPA-SYSID-AOR,FAPPA-ENR/FAPPA-DONNEES/FAPPA-SYSID-LIST/FAPPA-SYSID-AOR,15,,Y,1,1,1,0,0,0,N,0,N,IDENTIFIANT
SRSRADIS,WORKING-STORAGE SECTION,SRSFAPPA,FAPPA-ENR,FAPPA-SYSID-AORDEB,FAPPA-ENR/FAPPA-DONNEES/FAPPA-SYSID-LIST/FAPPA-SYSID-AOR/FAPPA-SYSID-AORDEB,20,X(2).,N,0,0,0,0,0,0,N,0,N,IDENTIFIANT
SRSRADIS,WORKING-STORAGE SECTION,SRSFAPPA,FAPPA-ENR,FAPPA-SYSID-AOR-FIN,FAPPA-ENR/FAPPA-DONNEES/FAPPA-SYSID-LIST/FAPPA-SYSID-AOR/FAPPA-SYSID-AOR-FIN,20,,N,0,0,0,0,0,0,N,0,N,IDENTIFIANT
SRSRADIS,WORKING-STORAGE SECTION,SRSFAPPA,FAPPA-ENR,FAPPA-SYSID-AOR-TYP,FAPPA-ENR/FAPPA-DONNEES/FAPPA-SYSID-LIST/FAPPA-SYSID-AOR/FAPPA-SYSID-AOR-FIN/FAPPA-SYSID-AOR-TYP,25,X.,N,0,0,0,0,0,0,N,0,N,IDENTIFIANT
SRSRADIS,WORKING-STORAGE SECTION,SRSFAPPA,FAPPA-ENR,FAPPA-SYSID-AOR-NUM,FAPPA-ENR/FAPPA-DONNEES/FAPPA-SYSID-LIST/FAPPA-SYSID-AOR/FAPPA-SYSID-AOR-FIN/FAPPA-SYSID-AOR-NUM,25,X.,N,0,0,0,0,0,0,N,0,N,IDENTIFIANT
SRSRADIS,WORKING-STORAGE SECTION,SRSFAPPA,FAPPA-ENR,FAPPA-CSD-GROUPES,FAPPA-ENR/FAPPA-DONNEES/FAPPA-CSD-GROUPES,10,,N,0,0,0,0,0,0,N,0,N,
SRSRADIS,WORKING-STORAGE SECTION,SRSFAPPA,FAPPA-ENR,FAPPA-CSD-FICEXP,FAPPA-ENR/FAPPA-DONNEES/FAPPA-CSD-GROUPES/FAPPA-CSD-FICEXP,15,X(8).,N,0,0,0,0,0,0,N,0,N,
SRSRADIS,WORKING-STORAGE SECTION,SRSFAPPA,FAPPA-ENR,FAPPA-CSD-FICEXP-DEG,FAPPA-ENR/FAPPA-DONNEES/FAPPA-CSD-GROUPES/FAPPA-CSD-FICEXP-DEG,15,X(8).,N,0,0,0,0,0,0,N,0,N,
SRSRADIS,WORKING-STORAGE SECTION,SRSFAPPA,FAPPA-ENR,FAPPA-CSD-FICVDX,FAPPA-ENR/FAPPA-DONNEES/FAPPA-CSD-GROUPES/FAPPA-CSD-FICVDX,15,X(8).,N,0,0,0,0,0,0,N,0,N,
SRSRADIS,WORKING-STORAGE SECTION,SRSFAPPA,FAPPA-ENR,FAPPA-CSD-FICVDX-DEG,FAPPA-ENR/FAPPA-DONNEES/FAPPA-CSD-GROUPES/FAPPA-CSD-FICVDX-DEG,15,X(8).,N,0,0,0,0,0,0,N,0,N,
SRSRADIS,WORKING-STORAGE SECTION,SRSFAPPA,FAPPA-ENR,FAPPA-PERIODICITE,FAPPA-ENR/FAPPA-DONNEES/FAPPA-PERIODICITE,10,X.,N,0,0,0,0,0,0,N,0,N,
SRSRADIS,WORKING-STORAGE SECTION,SRSFAPPA,FAPPA-ENR,FAPPA-CODAPPL-AFFICH,FAPPA-ENR/FAPPA-DONNEES/FAPPA-CODAPPL-AFFICH,10,X(3).,N,0,0,0,0,0,0,N,0,N,
SRSRADIS,WORKING-STORAGE SECTION,SRSFAPPA,FAPPA-ENR,FAPPA-FILLER,FAPPA-ENR/FAPPA-DONNEES/FAPPA-FILLER,10,X.,N,0,0,0,0,0,0,N,0,N,
SRSRADIS,WORKING-STORAGE SECTION,SRSTSRFI,SRFI-DONNEES,SRFI-DONNEES,SRFI-DONNEES,01,,N,0,0,0,0,0,0,N,0,N,
SRSRADIS,WORKING-STORAGE SECTION,SRSTSRFI,SRFI-DONNEES,SRFI-NBFI,SRFI-DONNEES/SRFI-NBFI,05,9(4) COMP.,N,0,0,0,0,0,0,N,0,N,NUMERIQUE
SRSRADIS,WORKING-STORAGE SECTION,SRSTSRFI,SRFI-DONNEES,SRFI-FICHIERS,SRFI-DONNEES/SRFI-FICHIERS,05,,N,0,0,0,0,0,0,N,0,N,
SRSRADIS,WORKING-STORAGE SECTION,SRSTSRFI,SRFI-DONNEES,SRFI-NOMFIC,SRFI-DONNEES/SRFI-FICHIERS/SRFI-NOMFIC,10,X(8).,N,0,0,0,0,0,0,N,0,N,
SRSRADIS,WORKING-STORAGE SECTION,SRSTSRFI,SRFI-DONNEES,SRFI-TYPFIC,SRFI-DONNEES/SRFI-FICHIERS/SRFI-TYPFIC,10,9.,N,0,0,0,0,0,0,N,0,N,
SRSRADIS,WORKING-STORAGE SECTION,SRSTSRFI,SRFI-DONNEES,SRFI-IDCICS,SRFI-DONNEES/SRFI-FICHIERS/SRFI-IDCICS,10,X(4).,N,0,0,0,0,0,0,N,0,N,IDENTIFIANT
SRSRADIS,WORKING-STORAGE SECTION,SRSTSRFI,SRFI-DONNEES,SRFI-FONCTIONS,SRFI-DONNEES/SRFI-FICHIERS/SRFI-FONCTIONS,10,,N,0,0,0,0,0,0,N,0,N,
SRSRADIS,WORKING-STORAGE SECTION,SRSTSRFI,SRFI-DONNEES,SRFI-CODFONC,SRFI-DONNEES/SRFI-FICHIERS/SRFI-FONCTIONS/SRFI-CODFONC,15,X.,N,0,0,0,0,0,0,N,0,N,
SRSRADIS,WORKING-STORAGE SECTION,SRSTSRFI,SRFI-DONNEES,SRFI-CODDISPO-FONC,SRFI-DONNEES/SRFI-FICHIERS/SRFI-FONCTIONS/SRFI-CODDISPO-FONC,15,9.,N,0,0,0,0,0,0,N,0,N,
SRSRADIS,WORKING-STORAGE SECTION,SRSTSRVD,SRVD-DONNEES,SRVD-DONNEES,SRVD-DONNEES,01,,Y,3,2,3,0,0,0,N,0,Y,
SRSRADIS,WORKING-STORAGE SECTION,SRSTSRVD,SRVD-DONNEES,SRVD-DISPAPP,SRVD-DONNEES/SRVD-DISPAPP,05,9.,Y,9,3,5,4,3,0,N,0,Y,
SRSRADIS,WORKING-STORAGE SECTION,SRSTSRVD,SRVD-DONNEES,SRVD-DISPIND,SRVD-DONNEES/SRVD-DISPIND,05,9.,Y,10,4,4,6,2,0,N,0,Y,FLAG/ETAT
SRSRADIS,WORKING-STORAGE SECTION,SRSTSRVD,SRVD-DONNEES,SRVD-DISPFIC,SRVD-DONNEES/SRVD-DISPFIC,05,X.,Y,2,1,0,2,0,0,N,0,N,
SRSRADIS,WORKING-STORAGE SECTION,SRSTSRVD,SRVD-DONNEES,SRVD-DISPFON,SRVD-DONNEES/SRVD-DISPFON,05,X.,Y,2,2,0,2,0,0,N,0,Y,
SRSRADIS,WORKING-STORAGE SECTION,SRSWFONC,WFONC-ENR,WFONC-ENR,WFONC-ENR,01,,Y,0,0,0,0,0,0,N,0,N,
SRSRADIS,WORKING-STORAGE SECTION,SRSWFONC,WFONC-ENR,WFONC-CLE,WFONC-ENR/WFONC-CLE,05,,Y,0,0,0,0,0,0,N,0,N,
SRSRADIS,WORKING-STORAGE SECTION,SRSWFONC,WFONC-ENR,WFONC-CLE-APPL,WFONC-ENR/WFONC-CLE/WFONC-CLE-APPL,10,X(3).,Y,3,2,2,1,0,0,N,0,Y,
SRSRADIS,WORKING-STORAGE SECTION,SRSWFONC,WFONC-ENR,WFONC-CLE-FONC,WFONC-ENR/WFONC-CLE/WFONC-CLE-FONC,10,X.,N,0,0,0,0,0,0,N,0,N,
SRSRADIS,WORKING-STORAGE SECTION,SRSWFONC,WFONC-ENR,WFONC-DONNEES,WFONC-ENR/WFONC-DONNEES,05,,N,0,0,0,0,0,0,N,0,N,
SRSRADIS,WORKING-STORAGE SECTION,SRSWFONC,WFONC-ENR,WFONC-CLE-ALT,WFONC-ENR/WFONC-DONNEES/WFONC-CLE-ALT,10,,N,0,0,0,0,0,0,N,0,N,
SRSRADIS,WORKING-STORAGE SECTION,SRSWFONC,WFONC-ENR,WFONC-CODE-APPL,WFONC-ENR/WFONC-DONNEES/WFONC-CLE-ALT/WFONC-CODE-APPL,15,X(3).,N,0,0,0,0,0,0,N,0,N,CODE
SRSRADIS,WORKING-STORAGE SECTION,SRSWFONC,WFONC-ENR,WFONC-CODE-MNEMO,WFONC-ENR/WFONC-DONNEES/WFONC-CLE-ALT/WFONC-CODE-MNEMO,15,X(4).,N,0,0,0,0,0,0,N,0,N,CODE
SRSRADIS,WORKING-STORAGE SECTION,MAIN,W-SYSID,W-SYSID,W-SYSID,01,X(4).,Y,2,2,2,0,0,0,N,0,Y,IDENTIFIANT
SRSRADIS,WORKING-STORAGE SECTION,MAIN,W-APPLID,W-APPLID,W-APPLID,01,X(8).,Y,5,4,5,0,0,0,N,0,Y,IDENTIFIANT
SRSRADIS,WORKING-STORAGE SECTION,MAIN,W-TS-SRFI,W-TS-SRFI,W-TS-SRFI,01,,Y,2,1,2,0,0,0,N,0,N,
SRSRADIS,WORKING-STORAGE SECTION,MAIN,W-TS-SRFI,FILLER,W-TS-SRFI/FILLER,05,X(4),N,0,0,0,0,0,0,N,0,N,
SRSRADIS,WORKING-STORAGE SECTION,MAIN,W-TS-SRFI,W-SRFI-CODAPP,W-TS-SRFI/W-SRFI-CODAPP,05,X(3).,Y,1,1,0,1,0,0,N,0,N,
SRSRADIS,WORKING-STORAGE SECTION,MAIN,W-TS-SRFI,FILLER,W-TS-SRFI/FILLER,05,X,N,0,0,0,0,0,0,N,0,N,
SRSRADIS,WORKING-STORAGE SECTION,MAIN,W-EIBTRNID,W-EIBTRNID,W-EIBTRNID,01,,Y,1,1,0,1,0,0,N,0,N,IDENTIFIANT
SRSRADIS,WORKING-STORAGE SECTION,MAIN,W-EIBTRNID,W-EIBTRNID-3C,W-EIBTRNID/W-EIBTRNID-3C,05,X(3).,Y,3,3,3,0,3,0,N,0,Y,IDENTIFIANT
SRSRADIS,WORKING-STORAGE SECTION,MAIN,W-EIBTRNID,FILLER,W-EIBTRNID/FILLER,05,X,N,0,0,0,0,0,0,N,0,N,
SRSRADIS,WORKING-STORAGE SECTION,MAIN,W-ANO,W-ANO,W-ANO,01,X(62),Y,1,1,0,1,0,0,N,0,N,
SRSRADIS,WORKING-STORAGE SECTION,MAIN,W-PARAG,W-PARAG,W-PARAG,01,X(5),Y,2,2,1,1,0,0,N,0,Y,
SRSRADIS,WORKING-STORAGE SECTION,MAIN,W-RESP,W-RESP,W-RESP,01,9(4),Y,2,1,1,1,0,0,N,0,N,NUMERIQUE
SRSRADIS,WORKING-STORAGE SECTION,MAIN,W-ANO-APPLI,W-ANO-APPLI,W-ANO-APPLI,01,,Y,1,1,1,0,0,0,N,0,N,
SRSRADIS,WORKING-STORAGE SECTION,MAIN,W-ANO-APPLI,W-ANO-APPLID,W-ANO-APPLI/W-ANO-APPLID,02,X(8).,Y,1,1,0,1,0,0,N,0,N,IDENTIFIANT
SRSRADIS,WORKING-STORAGE SECTION,MAIN,W-ANO-APPLI,FILLER,W-ANO-APPLI/FILLER,02,X(25),N,0,0,0,0,0,0,N,0,N,
SRSRADIS,WORKING-STORAGE SECTION,MAIN,W-MES-FIN-ANORMALE,W-MES-FIN-ANORMALE,W-MES-FIN-ANORMALE,01,,Y,1,1,1,0,0,0,N,0,N,
SRSRADIS,WORKING-STORAGE SECTION,MAIN,W-MES-FIN-ANORMALE,FILLER,W-MES-FIN-ANORMALE/FILLER,02,X(25),N,0,0,0,0,0,0,N,0,N,
SRSRADIS,WORKING-STORAGE SECTION,MAIN,W-MES-FIN-ANORMALE,W-MES-FIN-ANORMALE-COD,W-MES-FIN-ANORMALE/W-MES-FIN-ANORMALE-COD,02,X(4),Y,1,1,0,1,0,0,N,0,N,
SRSRADIS,WORKING-STORAGE SECTION,MAIN,W-MES-FIN-ANORMALE,FILLER,W-MES-FIN-ANORMALE/FILLER,02,X(22),N,0,0,0,0,0,0,N,0,N,
SRSRADIS,WORKING-STORAGE SECTION,MAIN,W-MES-PUPITRE,W-MES-PUPITRE,W-MES-PUPITRE,01,,Y,2,2,2,0,0,0,N,0,Y,
SRSRADIS,WORKING-STORAGE SECTION,MAIN,W-MES-PUPITRE,W-MES-PUP-APPLID,W-MES-PUPITRE/W-MES-PUP-APPLID,02,X(8),Y,2,2,0,2,0,0,N,0,Y,IDENTIFIANT
SRSRADIS,WORKING-STORAGE SECTION,MAIN,W-MES-PUPITRE,FILLER,W-MES-PUPITRE/FILLER,02,X(50),N,0,0,0,0,0,0,N,0,N,
SRSRADIS,WORKING-STORAGE SECTION,MAIN,W-MES-ANO-BLOQ-1,W-MES-ANO-BLOQ-1,W-MES-ANO-BLOQ-1,01,,Y,1,1,1,0,0,0,N,0,N,
SRSRADIS,WORKING-STORAGE SECTION,MAIN,W-MES-ANO-BLOQ-1,FILLER,W-MES-ANO-BLOQ-1/FILLER,02,X(40),N,0,0,0,0,0,0,N,0,N,
SRSRADIS,WORKING-STORAGE SECTION,MAIN,W-MES-ANO-BLOQ-2,W-MES-ANO-BLOQ-2,W-MES-ANO-BLOQ-2,01,,Y,1,1,1,0,0,0,N,0,N,
SRSRADIS,WORKING-STORAGE SECTION,MAIN,W-MES-ANO-BLOQ-2,FILLER,W-MES-ANO-BLOQ-2/FILLER,02,X(22),N,0,0,0,0,0,0,N,0,N,
SRSRADIS,WORKING-STORAGE SECTION,MAIN,W-MES-ANO-BLOQ-2,W-MES-ANO-BLOQ-2-PAR,W-MES-ANO-BLOQ-2/W-MES-ANO-BLOQ-2-PAR,02,X(5),Y,1,1,0,1,0,0,N,0,N,
SRSRADIS,WORKING-STORAGE SECTION,MAIN,W-MES-ANO-BLOQ-2,FILLER,W-MES-ANO-BLOQ-2/FILLER,02,X(17),N,0,0,0,0,0,0,N,0,N,
SRSRADIS,WORKING-STORAGE SECTION,MAIN,W-MES-ANO-BLOQ-2,W-MES-ANO-BLOQ-2-RESP,W-MES-ANO-BLOQ-2/W-MES-ANO-BLOQ-2-RESP,02,X(4),Y,1,1,0,1,0,0,N,0,N,
SRSRADIS,WORKING-STORAGE SECTION,MAIN,W-ABCODE,W-ABCODE,W-ABCODE,01,,Y,8,7,8,0,0,0,N,0,Y,CODE
SRSRADIS,WORKING-STORAGE SECTION,MAIN,W-ABCODE,W-TYPAB,W-ABCODE/W-TYPAB,05,X.,Y,2,2,0,2,0,0,N,0,Y,
SRSRADIS,WORKING-STORAGE SECTION,MAIN,W-ABCODE,W-ABEND,W-ABCODE/W-ABEND,05,9(3).,Y,4,4,1,3,0,0,N,0,Y,NUMERIQUE
SRSRADIS,WORKING-STORAGE SECTION,MAIN,WTS-IDENTITE,WTS-IDENTITE,WTS-IDENTITE,01,,Y,2,1,2,0,0,0,N,0,N,IDENTIFIANT
SRSRADIS,WORKING-STORAGE SECTION,MAIN,WTS-IDENTITE,WTS-NOM,WTS-IDENTITE/WTS-NOM,05,X(04).,Y,1,1,0,1,0,0,N,0,N,
SRSRADIS,WORKING-STORAGE SECTION,MAIN,WTS-IDENTITE,WTS-ECRAN,WTS-IDENTITE/WTS-ECRAN,05,X(04).,Y,1,1,0,1,0,0,N,0,N,
SRSRADIS,WORKING-STORAGE SECTION,MAIN,W-IND01,W-IND01,W-IND01,01,9(4) COMP,Y,25,13,21,4,15,0,N,0,Y,FLAG/ETAT
SRSRADIS,WORKING-STORAGE SECTION,MAIN,W-IND02,W-IND02,W-IND02,01,9(4) COMP,Y,32,10,25,7,13,0,N,0,Y,FLAG/ETAT
SRSRADIS,WORKING-STORAGE SECTION,MAIN,W-IND03,W-IND03,W-IND03,01,9(4) COMP,Y,19,9,14,5,6,0,N,0,Y,FLAG/ETAT
SRSRADIS,WORKING-STORAGE SECTION,MAIN,W-AIG-FONC,W-AIG-FONC,W-AIG-FONC,01,9,Y,2,2,1,1,1,0,N,0,Y,
SRSRADIS,WORKING-STORAGE SECTION,MAIN,W-AIG-DISP,W-AIG-DISP,W-AIG-DISP,01,9,Y,4,3,1,3,1,0,N,0,Y,
SRSRADIS,WORKING-STORAGE SECTION,MAIN,W-AIG-DISP-2,W-AIG-DISP-2,W-AIG-DISP-2,01,9,Y,4,3,1,3,1,0,N,0,Y,
SRSRADIS,WORKING-STORAGE SECTION,MAIN,W-CTR-FICH,W-CTR-FICH,W-CTR-FICH,01,9(6),Y,4,3,3,1,1,0,N,0,Y,NUMERIQUE
SRSRADIS,WORKING-STORAGE SECTION,MAIN,W-CTR-FICHF,W-CTR-FICHF,W-CTR-FICHF,01,9(6),Y,3,3,3,0,1,0,N,0,Y,NUMERIQUE
SRSRADIS,WORKING-STORAGE SECTION,MAIN,W-CTR-OUVERTS,W-CTR-OUVERTS,W-CTR-OUVERTS,01,9(6),Y,4,3,2,2,1,0,N,0,Y,NUMERIQUE
SRSRADIS,WORKING-STORAGE SECTION,MAIN,W-CTR-FERMES,W-CTR-FERMES,W-CTR-FERMES,01,9(6),Y,4,3,4,0,1,0,N,0,Y,NUMERIQUE
SRSRADIS,WORKING-STORAGE SECTION,MAIN,W-CTR-FONCDISP,W-CTR-FONCDISP,W-CTR-FONCDISP,01,9(6),Y,10,5,10,0,7,0,N,0,Y,NUMERIQUE
SRSRADIS,WORKING-STORAGE SECTION,MAIN,W-CTR-FONCINDISP,W-CTR-FONCINDISP,W-CTR-FONCINDISP,01,9(6),Y,10,6,10,0,6,0,N,0,Y,FLAG/ETAT
SRSRADIS,WORKING-STORAGE SECTION,MAIN,W-DISPIND1,W-DISPIND1,W-DISPIND1,01,9,Y,12,5,5,7,4,0,N,0,Y,FLAG/ETAT
SRSRADIS,WORKING-STORAGE SECTION,MAIN,W-DISPIND2,W-DISPIND2,W-DISPIND2,01,9,Y,10,3,5,5,4,0,N,0,Y,FLAG/ETAT
SRSRADIS,WORKING-STORAGE SECTION,MAIN,W-TABLE-FONC,W-TABLE-FONC,W-TABLE-FONC,01,,Y,3,3,1,2,1,0,N,0,Y,
SRSRADIS,WORKING-STORAGE SECTION,MAIN,W-TABLE-FONC,W-FONC-DISPO,W-TABLE-FONC/W-FONC-DISPO,05,,Y,3,3,3,0,1,0,N,0,Y,
SRSRADIS,WORKING-STORAGE SECTION,MAIN,W-TABLE-FONC,W-CODFONC,W-TABLE-FONC/W-FONC-DISPO/W-CODFONC,10,X.,Y,4,3,4,0,3,0,N,0,Y,
SRSRADIS,WORKING-STORAGE SECTION,MAIN,W-TABLE-FONC,W-CODDISPO-FONC,W-TABLE-FONC/W-FONC-DISPO/W-CODDISPO-FONC,10,X.,Y,1,1,1,0,1,0,N,0,Y,
SRSRADIS,LINKAGE SECTION,MAIN,DFHCOMMAREA,DFHCOMMAREA,DFHCOMMAREA,01,X(16384).,N,0,0,0,0,0,0,N,0,N,
SRSRADIS,LINKAGE SECTION,SRSFAPPD,FAPPD-ENR,FAPPD-ENR,FAPPD-ENR,01,,Y,0,0,0,0,0,0,N,0,N,
SRSRADIS,LINKAGE SECTION,SRSFAPPD,FAPPD-ENR,FAPPD-CLE,FAPPD-ENR/FAPPD-CLE,05,,Y,0,0,0,0,0,0,N,0,N,
SRSRADIS,LINKAGE SECTION,SRSFAPPD,FAPPD-ENR,FAPPD-CLE-TYPE,FAPPD-ENR/FAPPD-CLE/FAPPD-CLE-TYPE,10,X.,Y,2,2,2,0,1,0,N,0,Y,
SRSRADIS,LINKAGE SECTION,SRSFAPPD,FAPPD-ENR,FAPPD-CLE-APPL,FAPPD-ENR/FAPPD-CLE/FAPPD-CLE-APPL,10,X(3).,Y,5,4,5,0,0,0,N,0,Y,
SRSRADIS,LINKAGE SECTION,SRSFAPPD,FAPPD-ENR,FAPPD-DONNEES,FAPPD-ENR/FAPPD-DONNEES,05,,Y,2,1,2,0,0,0,N,0,N,
SRSRADIS,LINKAGE SECTION,SRSFAPPD,FAPPD-ENR,FAPPD-NBFI,FAPPD-ENR/FAPPD-DONNEES/FAPPD-NBFI,10,S9(4) COMP.,Y,6,4,6,0,4,0,N,0,Y,NUMERIQUE
SRSRADIS,LINKAGE SECTION,SRSFAPPD,FAPPD-ENR,FAPPD-FICHIERS,FAPPD-ENR/FAPPD-DONNEES/FAPPD-FICHIERS,10,,Y,0,0,0,0,0,0,N,0,N,
SRSRADIS,LINKAGE SECTION,SRSFAPPD,FAPPD-ENR,FAPPD-NOMFIC,FAPPD-ENR/FAPPD-DONNEES/FAPPD-FICHIERS/FAPPD-NOMFIC,15,X(8).,N,0,0,0,0,0,0,N,0,N,
SRSRADIS,LINKAGE SECTION,SRSFAPPD,FAPPD-ENR,FAPPD-TYPFIC,FAPPD-ENR/FAPPD-DONNEES/FAPPD-FICHIERS/FAPPD-TYPFIC,15,9.,N,0,0,0,0,0,0,N,0,N,
SRSRADIS,LINKAGE SECTION,SRSFAPPD,FAPPD-ENR,FAPPD-IDCICS,FAPPD-ENR/FAPPD-DONNEES/FAPPD-FICHIERS/FAPPD-IDCICS,15,X(4).,N,0,0,0,0,0,0,N,0,N,IDENTIFIANT
SRSRADIS,LINKAGE SECTION,SRSFAPPD,FAPPD-ENR,FAPPD-FONCTIONS,FAPPD-ENR/FAPPD-DONNEES/FAPPD-FICHIERS/FAPPD-FONCTIONS,15,,Y,5,5,5,0,3,0,N,0,Y,
SRSRADIS,LINKAGE SECTION,SRSFAPPD,FAPPD-ENR,FAPPD-CODFONC,FAPPD-ENR/FAPPD-DONNEES/FAPPD-FICHIERS/FAPPD-FONCTIONS/FAPPD-CODFONC,20,X.,Y,6,5,6,0,5,0,N,0,Y,
SRSRADIS,LINKAGE SECTION,SRSFAPPD,FAPPD-ENR,FAPPD-CODDISPO-FONC,FAPPD-ENR/FAPPD-DONNEES/FAPPD-FICHIERS/FAPPD-FONCTIONS/FAPPD-CODDISPO-FONC,20,9.,Y,4,2,4,0,4,0,N,0,Y,
SRSRADIS,LINKAGE SECTION,SRSFFONC,FFONC-ENR,FFONC-ENR,FFONC-ENR,01,,Y,1,1,1,0,0,0,N,0,N,
SRSRADIS,LINKAGE SECTION,SRSFFONC,FFONC-ENR,FFONC-CLE,FFONC-ENR/FFONC-CLE,05,,Y,0,0,0,0,0,0,N,0,N,
SRSRADIS,LINKAGE SECTION,SRSFFONC,FFONC-ENR,FFONC-CLE-APPL,FFONC-ENR/FFONC-CLE/FFONC-CLE-APPL,10,X(3).,Y,1,1,1,0,0,0,N,0,N,
SRSRADIS,LINKAGE SECTION,SRSFFONC,FFONC-ENR,FFONC-CLE-FONC,FFONC-ENR/FFONC-CLE/FFONC-CLE-FONC,10,X.,Y,1,1,1,0,1,0,N,0,Y,
SRSRADIS,LINKAGE SECTION,SRSFFONC,FFONC-ENR,FFONC-DONNEES,FFONC-ENR/FFONC-DONNEES,05,,Y,0,0,0,0,0,0,N,0,N,
SRSRADIS,LINKAGE SECTION,SRSFFONC,FFONC-ENR,FFONC-LIBFONC,FFONC-ENR/FFONC-DONNEES/FFONC-LIBFONC,10,X(40).,N,0,0,0,0,0,0,N,0,N,
SRSRADIS,LINKAGE SECTION,SRSFFONC,FFONC-ENR,FFONC-CLE-ALT,FFONC-ENR/FFONC-DONNEES/FFONC-CLE-ALT,10,,N,0,0,0,0,0,0,N,0,N,
SRSRADIS,LINKAGE SECTION,SRSFFONC,FFONC-ENR,FFONC-CODE-APPL,FFONC-ENR/FFONC-DONNEES/FFONC-CLE-ALT/FFONC-CODE-APPL,15,X(3).,N,0,0,0,0,0,0,N,0,N,CODE
SRSRADIS,LINKAGE SECTION,SRSFFONC,FFONC-ENR,FFONC-CODE-MNEMO,FFONC-ENR/FFONC-DONNEES/FFONC-CLE-ALT/FFONC-CODE-MNEMO,15,X(4).,N,0,0,0,0,0,0,N,0,N,CODE
SRSRADIS,LINKAGE SECTION,SRSFFONC,FFONC-ENR,FFONC-TRANFONC,FFONC-ENR/FFONC-DONNEES/FFONC-TRANFONC,10,X(4).,N,0,0,0,0,0,0,N,0,N,
SRSRADIS,LINKAGE SECTION,SRSFFONC,FFONC-ENR,FFONC-MODULSRS-FONC,FFONC-ENR/FFONC-DONNEES/FFONC-MODULSRS-FONC,10,X(8).,N,0,0,0,0,0,0,N,0,N,
SRSRADIS,LINKAGE SECTION,SRSFFONC,FFONC-ENR,FFONC-BLOCAGE-RESS,FFONC-ENR/FFONC-DONNEES/FFONC-BLOCAGE-RESS,10,9.,N,0,0,0,0,0,0,N,0,N,
SRSRADIS,LINKAGE SECTION,SRSFFONC,FFONC-ENR,FFONC-CODDISPO-FONC,FFONC-ENR/FFONC-DONNEES/FFONC-CODDISPO-FONC,10,9.,Y,2,1,2,0,2,0,N,0,Y,
SRSRADIS,LINKAGE SECTION,SRSFFONC,FFONC-ENR,FFONC-FIN-FONC,FFONC-ENR/FFONC-DONNEES/FFONC-FIN-FONC,10,9.,N,0,0,0,0,0,0,N,0,N,
SRSRADIS,LINKAGE SECTION,SRSFFONC,FFONC-ENR,FFONC-VAL-HORSAOR,FFONC-ENR/FFONC-DONNEES/FFONC-VAL-HORSAOR,10,9.,N,0,0,0,0,0,0,N,0,N,
SRSRADIS,LINKAGE SECTION,SRSFFONC,FFONC-ENR,FFONC-MESSIND-FONC,FFONC-ENR/FFONC-DONNEES/FFONC-MESSIND-FONC,10,,N,0,0,0,0,0,0,N,0,N,FLAG/ETAT
SRSRADIS,LINKAGE SECTION,SRSFFONC,FFONC-ENR,FFONC-MESSIND-L1,FFONC-ENR/FFONC-DONNEES/FFONC-MESSIND-FONC/FFONC-MESSIND-L1,15,X(79).,N,0,0,0,0,0,0,N,0,N,FLAG/ETAT
SRSRADIS,LINKAGE SECTION,SRSFFONC,FFONC-ENR,FFONC-MESSIND-L2,FFONC-ENR/FFONC-DONNEES/FFONC-MESSIND-FONC/FFONC-MESSIND-L2,15,X(78).,N,0,0,0,0,0,0,N,0,N,FLAG/ETAT
SRSRADIS,LINKAGE SECTION,SRSFFONC,FFONC-ENR,FFONC-IND-VDX,FFONC-ENR/FFONC-DONNEES/FFONC-IND-VDX,10,X.,N,0,0,0,0,0,0,N,0,N,FLAG/ETAT
