program,section,source,level,name,parent_name,full_path,pic,usage,occurs,occurs_depends_on,redefines,value,line_etude
SRSRADIS,WORKING-STORAGE SECTION,MAIN,77,W-DEBUT,,W-DEBUT,X(08),,,,,'SRSRADIS',000006
SRSRADIS,WORKING-STORAGE SECTION,MAIN,01,W-RETOUR-LIB,,W-RETOUR-LIB,X(9),,,,,'EIBRESP->',000007
SRSRADIS,WORKING-STORAGE SECTION,MAIN,01,W-EIBFN-LIB,,W-EIBFN-LIB,X(9),,,,,' EIBFN ->',000008
SRSRADIS,WORKING-STORAGE SECTION,MAIN,01,W-EIBFN,,W-EIBFN,X(2),,,,,SPACES,000009
SRSRADIS,WORKING-STORAGE SECTION,MAIN,01,W-RETOUR,,W-RETOUR,S9(8) COMP,,,,,+0,000010
SRSRADIS,WORKING-STORAGE SECTION,MAIN,01,W-ITEM,,W-ITEM,S9(4) COMP,,,,,+1,000011
SRSRADIS,WORKING-STORAGE SECTION,MAIN,01,W-LONG-TYPED,,W-LONG-TYPED,,,,,,,000012
SRSRADIS,WORKING-STORAGE SECTION,MAIN,05,W-LONG-CALC,W-LONG-TYPED,W-LONG-TYPED/W-LONG-CALC,9(8) COMP,,,,,0,000013
SRSRADIS,WORKING-STORAGE SECTION,MAIN,05,FILLER,W-LONG-TYPED,W-LONG-TYPED/FILLER,,,,,W-LONG-CALC,,000014
SRSRADIS,WORKING-STORAGE SECTION,MAIN,10,FILLER,FILLER,W-LONG-TYPED/FILLER/FILLER,X(2).,,,,,,000015
SRSRADIS,WORKING-STORAGE SECTION,MAIN,10,W-LONG,FILLER,W-LONG-TYPED/FILLER/W-LONG,X(2).,,,,,,000016
SRSRADIS,WORKING-STORAGE SECTION,SMASHTRC,01,SMASH,,SMASH,,,,,,,000018
SRSRADIS,WORKING-STORAGE SECTION,SMASHTRC,05,SMASH-L1,SMASH,SMASH/SMASH-L1,,,,,,,000019
SRSRADIS,WORKING-STORAGE SECTION,SMASHTRC,10,FILLER,SMASH-L1,SMASH/SMASH-L1/FILLER,X(080),,,,,,000020
SRSRADIS,WORKING-STORAGE SECTION,SMASHTRC,05,SMASH-L2,SMASH,SMASH/SMASH-L2,,,,,,,000022
SRSRADIS,WORKING-STORAGE SECTION,SMASHTRC,10,FILLER,SMASH-L2,SMASH/SMASH-L2/FILLER,X(004),,,,,,000023
SRSRADIS,WORKING-STORAGE SECTION,SMASHTRC,10,SMASH-PROGA,SMASH-L2,SMASH/SMASH-L2/SMASH-PROGA,X(008),,,,,,000025
SRSRADIS,WORKING-STORAGE SECTION,SMASHTRC,05,SMASH-L3,SMASH,SMASH/SMASH-L3,,,,,,,000027
SRSRADIS,WORKING-STORAGE SECTION,SMASHTRC,10,FILLER,SMASH-L3,SMASH/SMASH-L3/FILLER,X(004),,,,,,000028
SRSRADIS,WORKING-STORAGE SECTION,SMASHTRC,10,SMASH-PROGB,SMASH-L3,SMASH/SMASH-L3/SMASH-PROGB,X(008),,,,,,000030
SRSRADIS,WORKING-STORAGE SECTION,SMASHTRC,10,SMASH-MESS,SMASH-L3,SMASH/SMASH-L3/SMASH-MESS,X(080),,,,,,000032
SRSRADIS,WORKING-STORAGE SECTION,SMASHTRC,05,SMASH-COUNT,SMASH,SMASH/SMASH-COUNT,9(003),,,,,,000034
SRSRADIS,WORKING-STORAGE SECTION,SMASHTRC,05,SMASH-RETOUR,SMASH,SMASH/SMASH-RETOUR,9(008),,,,,,000036
SRSRADIS,WORKING-STORAGE SECTION,SMASHTRC,05,SMASH-STATUS,SMASH,SMASH/SMASH-STATUS,9(008),,,,,,000038
SRSRADIS,WORKING-STORAGE SECTION,SMASHTRC,05,SMASH-NBFI,SMASH,SMASH/SMASH-NBFI,9(004),,,,,,000040
SRSRADIS,WORKING-STORAGE SECTION,SMASHTRC,05,SMASH-ITEMSRVD,SMASH,SMASH/SMASH-ITEMSRVD,9(004),,,,,,000042
SRSRADIS,WORKING-STORAGE SECTION,SMASHTRC,05,SMASH-ITEMS,SMASH,SMASH/SMASH-ITEMS,9(004),,,,,ZERO,000044
SRSRADIS,WORKING-STORAGE SECTION,SMASHTRC,05,SMASH-CPTNIVEAU,SMASH,SMASH/SMASH-CPTNIVEAU,9(002),,,,,ZERO,000045
SRSRADIS,WORKING-STORAGE SECTION,SMASHTRC,05,SMASH-CPTTRAIT,SMASH,SMASH/SMASH-CPTTRAIT,9(002),,,,,ZERO,000046
SRSRADIS,WORKING-STORAGE SECTION,SMASHTRC,05,SMASH-MODAFFICH,SMASH,SMASH/SMASH-MODAFFICH,X(008),,,,,SPACE,000047
SRSRADIS,WORKING-STORAGE SECTION,SMASHTRC,05,SMASH-IDMS,SMASH,SMASH/SMASH-IDMS,X(008),,,,,SPACE,000048
SRSRADIS,WORKING-STORAGE SECTION,SMASHTRC,05,SMASH-NBPAGTOT,SMASH,SMASH/SMASH-NBPAGTOT,9(004),,,,,ZERO,000049
SRSRADIS,WORKING-STORAGE SECTION,SMASHTRC,05,SMASH-NBLIGNES,SMASH,SMASH/SMASH-NBLIGNES,9(004),,,,,ZERO,000050
SRSRADIS,WORKING-STORAGE SECTION,SMASHTRC,05,SMASH-NUMPAG,SMASH,SMASH/SMASH-NUMPAG,9(004),,,,,ZERO,000051
SRSRADIS,WORKING-STORAGE SECTION,SMASHTRC,05,SMASH-NUMPAGSUIV,SMASH,SMASH/SMASH-NUMPAGSUIV,9(004),,,,,ZERO,000052
SRSRADIS,WORKING-STORAGE SECTION,SMASHTRC,05,SMASH-TOUCHETRANS,SMASH,SMASH/SMASH-TOUCHETRANS,X(001),,,,,SPACE,000053
SRSRADIS,WORKING-STORAGE SECTION,SMASHTRC,05,SMASH-MODANALCDE,SMASH,SMASH/SMASH-MODANALCDE,X(008),,,,,SPACE,000054
SRSRADIS,WORKING-STORAGE SECTION,SMASHTRC,05,SMASH-COMMANDE,SMASH,SMASH/SMASH-COMMANDE,X(001),,,,,SPACE,000055
SRSRADIS,WORKING-STORAGE SECTION,SMASHTRC,05,SMASH1-ITEMS,SMASH,SMASH/SMASH1-ITEMS,9(004),,,,,ZERO,000056
SRSRADIS,WORKING-STORAGE SECTION,SMASHTRC,05,SMASH1-CPTNIVEAU,SMASH,SMASH/SMASH1-CPTNIVEAU,9(002),,,,,ZERO,000057
SRSRADIS,WORKING-STORAGE SECTION,SMASHTRC,05,SMASH1-CPTTRAIT,SMASH,SMASH/SMASH1-CPTTRAIT,9(002),,,,,ZERO,000058
SRSRADIS,WORKING-STORAGE SECTION,SMASHTRC,05,SMASH1-MODAFFICH,SMASH,SMASH/SMASH1-MODAFFICH,X(008),,,,,SPACE,000059
SRSRADIS,WORKING-STORAGE SECTION,SMASHTRC,05,SMASH1-IDMS,SMASH,SMASH/SMASH1-IDMS,X(008),,,,,SPACE,000060
SRSRADIS,WORKING-STORAGE SECTION,SMASHTRC,05,SMASH1-NBPAGTOT,SMASH,SMASH/SMASH1-NBPAGTOT,9(004),,,,,ZERO,000061
SRSRADIS,WORKING-STORAGE SECTION,SMASHTRC,05,SMASH1-NBLIGNES,SMASH,SMASH/SMASH1-NBLIGNES,9(004),,,,,ZERO,000062
SRSRADIS,WORKING-STORAGE SECTION,SMASHTRC,05,SMASH1-NUMPAG,SMASH,SMASH/SMASH1-NUMPAG,9(004),,,,,ZERO,000063
SRSRADIS,WORKING-STORAGE SECTION,SMASHTRC,05,SMASH1-NUMPAGSUIV,SMASH,SMASH/SMASH1-NUMPAGSUIV,9(004),,,,,ZERO,000064
SRSRADIS,WORKING-STORAGE SECTION,SMASHTRC,05,SMASH1-TOUCHETRANS,SMASH,SMASH/SMASH1-TOUCHETRANS,X(001),,,,,SPACE,000065
SRSRADIS,WORKING-STORAGE SECTION,SMASHTRC,05,SMASH1-MODANALCDE,SMASH,SMASH/SMASH1-MODANALCDE,X(008),,,,,SPACE,000066
SRSRADIS,WORKING-STORAGE SECTION,SMASHTRC,05,SMASH1-COMMANDE,SMASH,SMASH/SMASH1-COMMANDE,X(001),,,,,SPACE,000067
SRSRADIS,WORKING-STORAGE SECTION,SMASHTRC,05,SMASH-EIBCALEN,SMASH,SMASH/SMASH-EIBCALEN,9(004),,,,,ZERO,000068
SRSRADIS,WORKING-STORAGE SECTION,SMASHTRC,05,SMASH-COMAREA,SMASH,SMASH/SMASH-COMAREA,9(004),,,,,ZERO,000069
SRSRADIS,WORKING-STORAGE SECTION,SMASHTRC,05,SMASH-CPT001,SMASH,SMASH/SMASH-CPT001,9(004),,,,,ZERO,000070
SRSRADIS,WORKING-STORAGE SECTION,SMASHTRC,05,SMASH-CPT002,SMASH,SMASH/SMASH-CPT002,9(004),,,,,ZERO,000071
SRSRADIS,WORKING-STORAGE SECTION,SMASHTRC,05,SMASH-CPT003,SMASH,SMASH/SMASH-CPT003,9(004),,,,,ZERO,000072
SRSRADIS,WORKING-STORAGE SECTION,SMASHTRC,05,SMASH-CPT004,SMASH,SMASH/SMASH-CPT004,9(004),,,,,ZERO,000073
SRSRADIS,WORKING-STORAGE SECTION,SMASHTRC,05,SMASH-CPT005,SMASH,SMASH/SMASH-CPT005,9(004),,,,,ZERO,000074
SRSRADIS,WORKING-STORAGE SECTION,SMASHTRC,05,SMASH-LENGTH,SMASH,SMASH/SMASH-LENGTH,9(004),,,,,ZERO,000075
SRSRADIS,WORKING-STORAGE SECTION,SMASHTRC,05,SMASH-HHMM,SMASH,SMASH/SMASH-HHMM,9(004),,,,,ZERO,000076
SRSRADIS,WORKING-STORAGE SECTION,SMASHTRC,05,SMASH-HHMMSS,SMASH,SMASH/SMASH-HHMMSS,9(006),,,,,ZERO,000077
SRSRADIS,WORKING-STORAGE SECTION,SMASHTRC,05,SMASH-EIBTASKN,SMASH,SMASH/SMASH-EIBTASKN,9(007),,,,,ZERO,000078
SRSRADIS,WORKING-STORAGE SECTION,SMASHTRC,05,SMASH-CM-RETCODE,SMASH,SMASH/SMASH-CM-RETCODE,9(009),,,,,ZERO,000079
SRSRADIS,WORKING-STORAGE SECTION,SMASHTRC,05,SMASH-STATUS-RECEIVED,SMASH,SMASH/SMASH-STATUS-RECEIVED,9(009),,,,,ZERO,000080
SRSRADIS,WORKING-STORAGE SECTION,SMASHTRC,05,SMASH-RECEIVE-RETCODE1,SMASH,SMASH/SMASH-RECEIVE-RETCODE1,9(009),,,,,ZERO,000081
SRSRADIS,WORKING-STORAGE SECTION,SMASHDIW,01,SMAD,,SMAD,,,,,,,000084
SRSRADIS,WORKING-STORAGE SECTION,SMASHDIW,05,SMAD-LOG,SMAD,SMAD/SMAD-LOG,9(001),,,,,1,000085
SRSRADIS,WORKING-STORAGE SECTION,SMASHDIW,05,SMAD-GRP,SMAD,SMAD/SMAD-GRP,,,,,,,000086
SRSRADIS,WORKING-STORAGE SECTION,SMASHDIW,10,SMAD-PGM,SMAD-GRP,SMAD/SMAD-GRP/SMAD-PGM,X(008).,,,,,,000087
SRSRADIS,WORKING-STORAGE SECTION,SMASHDIW,10,SMAD-OPER,SMAD-GRP,SMAD/SMAD-GRP/SMAD-OPER,X(008).,,,,,,000088
SRSRADIS,WORKING-STORAGE SECTION,SMASHDIW,10,SMAD-TRAN,SMAD-GRP,SMAD/SMAD-GRP/SMAD-TRAN,X(004),,,,,,000089
SRSRADIS,WORKING-STORAGE SECTION,SMASHDIW,10,SMAD-XPGM,SMAD-GRP,SMAD/SMAD-GRP/SMAD-XPGM,X(008).,,,,,,000090
SRSRADIS,WORKING-STORAGE SECTION,SMASHDIW,10,SMAD-TYNC,SMAD-GRP,SMAD/SMAD-GRP/SMAD-TYNC,X(008).,,,,,,000091
SRSRADIS,WORKING-STORAGE SECTION,SMASHDIW,10,SMAD-CMAP,SMAD-GRP,SMAD/SMAD-GRP/SMAD-CMAP,X(015).,,,,,,000092
SRSRADIS,WORKING-STORAGE SECTION,SMASHDIW,10,SMAD-TSQN,SMAD-GRP,SMAD/SMAD-GRP/SMAD-TSQN,X(008).,,,,,,000093
SRSRADIS,WORKING-STORAGE SECTION,SMASHDIW,10,SMAD-TSQL,SMAD-GRP,SMAD/SMAD-GRP/SMAD-TSQL,X(015).,,,,,,000094
SRSRADIS,WORKING-STORAGE SECTION,SMASHDIW,10,SMAD-TSQI,SMAD-GRP,SMAD/SMAD-GRP/SMAD-TSQI,9(004).,,,,,,000095
SRSRADIS,WORKING-STORAGE SECTION,SMASHDIW,10,SMAD-INFO,SMAD-GRP,SMAD/SMAD-GRP/SMAD-INFO,X(060).,,,,,,000096
SRSRADIS,WORKING-STORAGE SECTION,SMASHDIW,10,SMAD-DCOD,SMAD-GRP,SMAD/SMAD-GRP/SMAD-DCOD,X(004).,,,,,,000097
SRSRADIS,WORKING-STORAGE SECTION,SMASHDIW,10,SMAD-FGRP,SMAD-GRP,SMAD/SMAD-GRP/SMAD-FGRP,,,,,,,000098
SRSRADIS,WORKING-STORAGE SECTION,SMASHDIW,15,SMAD-FILE,SMAD-FGRP,SMAD/SMAD-GRP/SMAD-FGRP/SMAD-FILE,X(008).,,,,,,000099
SRSRADIS,WORKING-STORAGE SECTION,SMASHDIW,15,SMAD-FKEY,SMAD-FGRP,SMAD/SMAD-GRP/SMAD-FGRP/SMAD-FKEY,X(030).,,,,,,000100
SRSRADIS,WORKING-STORAGE SECTION,SMASHDIW,10,SMAD-STOR,SMAD-GRP,SMAD/SMAD-GRP/SMAD-STOR,X(020).,,,,,,000101
SRSRADIS,WORKING-STORAGE SECTION,SMASHDIW,10,SMAD-TTRA,SMAD-GRP,SMAD/SMAD-GRP/SMAD-TTRA,X(008).,,,,,,000102
SRSRADIS,WORKING-STORAGE SECTION,SMASHDIW,10,SMAD-RCOD,SMAD-GRP,SMAD/SMAD-GRP/SMAD-RCOD,X(008).,,,,,,000103
SRSRADIS,WORKING-STORAGE SECTION,SMASHDIW,10,SMAD-RTYP,SMAD-GRP,SMAD/SMAD-GRP/SMAD-RTYP,X(008).,,,,,,000104
SRSRADIS,WORKING-STORAGE SECTION,SMASHDIW,10,SMAD-INQT,SMAD-GRP,SMAD/SMAD-GRP/SMAD-INQT,X(015).,,,,,,000105
SRSRADIS,WORKING-STORAGE SECTION,SMASHDIW,10,SMAD-INQX,SMAD-GRP,SMAD/SMAD-GRP/SMAD-INQX,X(030).,,,,,,000106
SRSRADIS,WORKING-STORAGE SECTION,SMASHDIW,10,SMAD-TYPA,SMAD-GRP,SMAD/SMAD-GRP/SMAD-TYPA,X(010).,,,,,,000107
SRSRADIS,WORKING-STORAGE SECTION,SRSWFANO,01,SRSWFANO,,SRSWFANO,,,,,,,000110
SRSRADIS,WORKING-STORAGE SECTION,SRSWFANO,05,SRSWFANO-MESS1,SRSWFANO,SRSWFANO/SRSWFANO-MESS1,,,,,,,000111
SRSRADIS,WORKING-STORAGE SECTION,SRSWFANO,10,SRSWFANO-PGM,SRSWFANO-MESS1,SRSWFANO/SRSWFANO-MESS1/SRSWFANO-PGM,X(08).,,,,,,000112
SRSRADIS,WORKING-STORAGE SECTION,SRSWFANO,10,FILLER,SRSWFANO-MESS1,SRSWFANO/SRSWFANO-MESS1/FILLER,X(03),,,,,' : ',000113
SRSRADIS,WORKING-STORAGE SECTION,SRSWFANO,10,FILLER,SRSWFANO-MESS1,SRSWFANO/SRSWFANO-MESS1/FILLER,X(10),,,,,'ERREUR EN ',000114
SRSRADIS,WORKING-STORAGE SECTION,SRSWFANO,10,SRSWFANO-ORDRE,SRSWFANO-MESS1,SRSWFANO/SRSWFANO-MESS1/SRSWFANO-ORDRE,X(10).,,,,,,000115
SRSRADIS,WORKING-STORAGE SECTION,SRSWFANO,10,FILLER,SRSWFANO-MESS1,SRSWFANO/SRSWFANO-MESS1/FILLER,X(05),,,,,' SUR ',000116
SRSRADIS,WORKING-STORAGE SECTION,SRSWFANO,10,SRSWFANO-FICHIER,SRSWFANO-MESS1,SRSWFANO/SRSWFANO-MESS1/SRSWFANO-FICHIER,X(08).,,,,,,000117
SRSRADIS,WORKING-STORAGE SECTION,SRSWFANO,10,FILLER,SRSWFANO-MESS1,SRSWFANO/SRSWFANO-MESS1/FILLER,X(16),,,,,,000118
SRSRADIS,WORKING-STORAGE SECTION,SRSWFANO,10,SRSWFANO-CODE,SRSWFANO-MESS1,SRSWFANO/SRSWFANO-MESS1/SRSWFANO-CODE,9(04).,,,,,,000120
SRSRADIS,WORKING-STORAGE SECTION,SRSWFANO,10,FILLER,SRSWFANO-MESS1,SRSWFANO/SRSWFANO-MESS1/FILLER,X(12),,,,,SPACES,000121
SRSRADIS,WORKING-STORAGE SECTION,SRSWFANO,10,SRSWFANO-APPL,SRSWFANO-MESS1,SRSWFANO/SRSWFANO-MESS1/SRSWFANO-APPL,X(03),,,,,SPACES,000122
SRSRADIS,WORKING-STORAGE SECTION,SRSWFANO,05,SRSWFANO-MESS2,SRSWFANO,SRSWFANO/SRSWFANO-MESS2,,,,,,,000123
SRSRADIS,WORKING-STORAGE SECTION,SRSWFANO,10,FILLER,SRSWFANO-MESS2,SRSWFANO/SRSWFANO-MESS2/FILLER,X(12),,,,,'-REPERE PGM ',000124
SRSRADIS,WORKING-STORAGE SECTION,SRSWFANO,10,SRSWFANO-REPERE,SRSWFANO-MESS2,SRSWFANO/SRSWFANO-MESS2/SRSWFANO-REPERE,X(10).,,,,,,000125
SRSRADIS,WORKING-STORAGE SECTION,SRSWFANO,10,FILLER,SRSWFANO-MESS2,SRSWFANO/SRSWFANO-MESS2/FILLER,X(08),,,,,' - CLE: ',000126
SRSRADIS,WORKING-STORAGE SECTION,SRSWFANO,10,SRSWFANO-CLE,SRSWFANO-MESS2,SRSWFANO/SRSWFANO-MESS2/SRSWFANO-CLE,X(40).,,,,,,000127
SRSRADIS,WORKING-STORAGE SECTION,SRSWFANO,10,FILLER,SRSWFANO-MESS2,SRSWFANO/SRSWFANO-MESS2/FILLER,X(09),,,,,SPACES,000128
SRSRADIS,WORKING-STORAGE SECTION,SRSWSRCZ,01,W-SRCZ-MS,,W-SRCZ-MS,,,,,,,000131
SRSRADIS,WORKING-STORAGE SECTION,SRSWSRCZ,05,W-SRCZ-ID,W-SRCZ-MS,W-SRCZ-MS/W-SRCZ-ID,,,,,,,000132
SRSRADIS,WORKING-STORAGE SECTION,SRSWSRCZ,10,W-SRCZ-IDMS,W-SRCZ-ID,W-SRCZ-MS/W-SRCZ-ID/W-SRCZ-IDMS,X(4).,,,,,,000133
SRSRADIS,WORKING-STORAGE SECTION,SRSWSRCZ,10,W-SRCZ-TERM,W-SRCZ-ID,W-SRCZ-MS/W-SRCZ-ID/W-SRCZ-TERM,X(4).,,,,,,000134
SRSRADIS,WORKING-STORAGE SECTION,SRSWSRCZ,05,W-SRCZ-DONNEES,W-SRCZ-MS,W-SRCZ-MS/W-SRCZ-DONNEES,,,,,,,000135
SRSRADIS,WORKING-STORAGE SECTION,SRSWSRCZ,10,W-SRCZ-MESS1,W-SRCZ-DONNEES,W-SRCZ-MS/W-SRCZ-DONNEES/W-SRCZ-MESS1,,,,,,,000136
SRSRADIS,WORKING-STORAGE SECTION,SRSWSRCZ,15,FILLER,W-SRCZ-MESS1,W-SRCZ-MS/W-SRCZ-DONNEES/W-SRCZ-MESS1/FILLER,X(76).,,,,,,000137
SRSRADIS,WORKING-STORAGE SECTION,SRSWSRCZ,15,W-SRCZ-APPL,W-SRCZ-MESS1,W-SRCZ-MS/W-SRCZ-DONNEES/W-SRCZ-MESS1/W-SRCZ-APPL,X(03).,,,,,,000138
SRSRADIS,WORKING-STORAGE SECTION,SRSWSRCZ,10,W-SRCZ-MESS2,W-SRCZ-DONNEES,W-SRCZ-MS/W-SRCZ-DONNEES/W-SRCZ-MESS2,X(79).,,,,,,000139
SRSRADIS,WORKING-STORAGE SECTION,SRSWSRCZ,10,W-SRCZ-ABEND,W-SRCZ-DONNEES,W-SRCZ-MS/W-SRCZ-DONNEES/W-SRCZ-ABEND,X(04).,,,,,,000140
SRSRADIS,WORKING-STORAGE SECTION,SRSCOMIN,03,SRSIN-COMM,W-SRCZ-MS,W-SRCZ-MS/SRSIN-COMM,,,,,,,000143
SRSRADIS,WORKING-STORAGE SECTION,SRSCOMIN,05,SRSIN-INFOS,SRSIN-COMM,W-SRCZ-MS/SRSIN-COMM/SRSIN-INFOS,,,,,,,000144
SRSRADIS,WORKING-STORAGE SECTION,SRSCOMIN,10,SRSIN-TYPAPPEL,SRSIN-INFOS,W-SRCZ-MS/SRSIN-COMM/SRSIN-INFOS/SRSIN-TYPAPPEL,X.,,,,,,000145
SRSRADIS,WORKING-STORAGE SECTION,SRSCOMIN,10,SRSIN-INFO-SESS,SRSIN-INFOS,W-SRCZ-MS/SRSIN-COMM/SRSIN-INFOS/SRSIN-INFO-SESS,,,,,,,000146
SRSRADIS,WORKING-STORAGE SECTION,SRSCOMIN,15,SRSIN-CODAPPL,SRSIN-INFO-SESS,W-SRCZ-MS/SRSIN-COMM/SRSIN-INFOS/SRSIN-INFO-SESS/SRSIN-CODAPPL,X(3).,,,,,,000147
SRSRADIS,WORKING-STORAGE SECTION,SRSCOMIN,15,SRSIN-CODFONC,SRSIN-INFO-SESS,W-SRCZ-MS/SRSIN-COMM/SRSIN-INFOS/SRSIN-INFO-SESS/SRSIN-CODFONC,X.,,,,,,000148
SRSRADIS,WORKING-STORAGE SECTION,SRSCOMIN,15,SRSIN-NOMUTIL,SRSIN-INFO-SESS,W-SRCZ-MS/SRSIN-COMM/SRSIN-INFOS/SRSIN-INFO-SESS/SRSIN-NOMUTIL,,,,,,,000149
SRSRADIS,WORKING-STORAGE SECTION,SRSCOMIN,20,SRSIN-CODSERV,SRSIN-NOMUTIL,W-SRCZ-MS/SRSIN-COMM/SRSIN-INFOS/SRSIN-INFO-SESS/SRSIN-NOMUTIL/SRSIN-CODSERV,X(6).,,,,,,000150
SRSRADIS,WORKING-STORAGE SECTION,SRSCOMIN,20,SRSIN-IDUTIL,SRSIN-NOMUTIL,W-SRCZ-MS/SRSIN-COMM/SRSIN-INFOS/SRSIN-INFO-SESS/SRSIN-NOMUTIL/SRSIN-IDUTIL,X(2).,,,,,,000151
SRSRADIS,WORKING-STORAGE SECTION,SRSCOMIN,15,FILLER,SRSIN-INFO-SESS,W-SRCZ-MS/SRSIN-COMM/SRSIN-INFOS/SRSIN-INFO-SESS/FILLER,,,,,SRSIN-NOMUTIL,,000152
SRSRADIS,WORKING-STORAGE SECTION,SRSCOMIN,20,SRSIN-NIVEAU,FILLER,W-SRCZ-MS/SRSIN-COMM/SRSIN-INFOS/SRSIN-INFO-SESS/FILLER/SRSIN-NIVEAU,X.,,,,,,000153
SRSRADIS,WORKING-STORAGE SECTION,SRSCOMIN,20,FILLER,FILLER,W-SRCZ-MS/SRSIN-COMM/SRSIN-INFOS/SRSIN-INFO-SESS/FILLER/FILLER,X(7).,,,,,,000154
SRSRADIS,WORKING-STORAGE SECTION,SRSCOMIN,10,SRSIN-TYPRESS,SRSIN-INFOS,W-SRCZ-MS/SRSIN-COMM/SRSIN-INFOS/SRSIN-TYPRESS,X.,,,,,,000155
SRSRADIS,WORKING-STORAGE SECTION,SRSCOMIN,10,SRSIN-NOMRESS,SRSIN-INFOS,W-SRCZ-MS/SRSIN-COMM/SRSIN-INFOS/SRSIN-NOMRESS,X(8).,,,,,,000156
SRSRADIS,WORKING-STORAGE SECTION,SRSCOMIN,10,FILLER,SRSIN-INFOS,W-SRCZ-MS/SRSIN-COMM/SRSIN-INFOS/FILLER,,,,,SRSIN-NOMRESS,,000157
SRSRADIS,WORKING-STORAGE SECTION,SRSCOMIN,15,SRSIN-NOM-IMP,FILLER,W-SRCZ-MS/SRSIN-COMM/SRSIN-INFOS/FILLER/SRSIN-NOM-IMP,X(4).,,,,,,000158
SRSRADIS,WORKING-STORAGE SECTION,SRSCOMIN,15,SRSIN-TYP-MESS,FILLER,W-SRCZ-MS/SRSIN-COMM/SRSIN-INFOS/FILLER/SRSIN-TYP-MESS,X(4).,,,,,,000159
SRSRADIS,WORKING-STORAGE SECTION,SRSCOMIN,10,FILLER,SRSIN-INFOS,W-SRCZ-MS/SRSIN-COMM/SRSIN-INFOS/FILLER,,,,,SRSIN-NOMRESS,,000160
SRSRADIS,WORKING-STORAGE SECTION,SRSCOMIN,15,SRSIN-NOMTERM,FILLER,W-SRCZ-MS/SRSIN-COMM/SRSIN-INFOS/FILLER/SRSIN-NOMTERM,X(4).,,,,,,000161
SRSRADIS,WORKING-STORAGE SECTION,SRSCOMIN,15,FILLER,FILLER,W-SRCZ-MS/SRSIN-COMM/SRSIN-INFOS/FILLER/FILLER,X(4).,,,,,,000162
SRSRADIS,WORKING-STORAGE SECTION,SRSCOMIN,10,FILLER,SRSIN-INFOS,W-SRCZ-MS/SRSIN-COMM/SRSIN-INFOS/FILLER,,,,,SRSIN-NOMRESS,,000163
SRSRADIS,WORKING-STORAGE SECTION,SRSCOMIN,15,SRSIN-NOMTRAN,FILLER,W-SRCZ-MS/SRSIN-COMM/SRSIN-INFOS/FILLER/SRSIN-NOMTRAN,X(4).,,,,,,000164
SRSRADIS,WORKING-STORAGE SECTION,SRSCOMIN,15,FILLER,FILLER,W-SRCZ-MS/SRSIN-COMM/SRSIN-INFOS/FILLER/FILLER,X(4).,,,,,,000165
SRSRADIS,WORKING-STORAGE SECTION,SRSCOMIN,10,FILLER,SRSIN-INFOS,W-SRCZ-MS/SRSIN-COMM/SRSIN-INFOS/FILLER,,,,,SRSIN-NOMRESS,,000166
SRSRADIS,WORKING-STORAGE SECTION,SRSCOMIN,15,SRSIN-NOMPROG,FILLER,W-SRCZ-MS/SRSIN-COMM/SRSIN-INFOS/FILLER/SRSIN-NOMPROG,X(8).,,,,,,000167
SRSRADIS,WORKING-STORAGE SECTION,SRSCOMIN,10,FILLER,SRSIN-INFOS,W-SRCZ-MS/SRSIN-COMM/SRSIN-INFOS/FILLER,,,,,SRSIN-NOMRESS,,000168
SRSRADIS,WORKING-STORAGE SECTION,SRSCOMIN,15,SRSIN-NOMFONC,FILLER,W-SRCZ-MS/SRSIN-COMM/SRSIN-INFOS/FILLER/SRSIN-NOMFONC,X.,,,,,,000169
SRSRADIS,WORKING-STORAGE SECTION,SRSCOMIN,15,FILLER,FILLER,W-SRCZ-MS/SRSIN-COMM/SRSIN-INFOS/FILLER/FILLER,X(7).,,,,,,000170
SRSRADIS,WORKING-STORAGE SECTION,SRSCOMIN,10,FILLER,SRSIN-INFOS,W-SRCZ-MS/SRSIN-COMM/SRSIN-INFOS/FILLER,,,,,SRSIN-NOMRESS,,000171
SRSRADIS,WORKING-STORAGE SECTION,SRSCOMIN,15,SRSIN-NOMFICH,FILLER,W-SRCZ-MS/SRSIN-COMM/SRSIN-INFOS/FILLER/SRSIN-NOMFICH,X(8).,,,,,,000172
SRSRADIS,WORKING-STORAGE SECTION,SRSCOMIN,10,SRSIN-TRANS-APP,SRSIN-INFOS,W-SRCZ-MS/SRSIN-COMM/SRSIN-INFOS/SRSIN-TRANS-APP,X(4).,,,,,,000173
SRSRADIS,WORKING-STORAGE SECTION,SRSCOMIN,10,SRSIN-CODTRAN,SRSIN-INFOS,W-SRCZ-MS/SRSIN-COMM/SRSIN-INFOS/SRSIN-CODTRAN,X(4).,,,,SRSIN-TRANS-APP,,000174
SRSRADIS,WORKING-STORAGE SECTION,SRSCOMIN,05,SRSIN-INFO-MS,SRSIN-COMM,W-SRCZ-MS/SRSIN-COMM/SRSIN-INFO-MS,,,,,,,000175
SRSRADIS,WORKING-STORAGE SECTION,SRSCOMIN,10,SRSIN-IDMS,SRSIN-INFO-MS,W-SRCZ-MS/SRSIN-COMM/SRSIN-INFO-MS/SRSIN-IDMS,,,,,,,000176
SRSRADIS,WORKING-STORAGE SECTION,SRSCOMIN,15,SRSIN-IDMSPREF,SRSIN-IDMS,W-SRCZ-MS/SRSIN-COMM/SRSIN-INFO-MS/SRSIN-IDMS/SRSIN-IDMSPREF,X(3).,,,,,,000177
SRSRADIS,WORKING-STORAGE SECTION,SRSCOMIN,15,SRSIN-CICS,SRSIN-IDMS,W-SRCZ-MS/SRSIN-COMM/SRSIN-INFO-MS/SRSIN-IDMS/SRSIN-CICS,X.,,,,,,000178
SRSRADIS,WORKING-STORAGE SECTION,SRSCOMIN,15,SRSIN-TERMID,SRSIN-IDMS,W-SRCZ-MS/SRSIN-COMM/SRSIN-INFO-MS/SRSIN-IDMS/SRSIN-TERMID,X(4).,,,,,,000179
SRSRADIS,WORKING-STORAGE SECTION,SRSCOMIN,15,SRSIN-TASKN,SRSIN-IDMS,W-SRCZ-MS/SRSIN-COMM/SRSIN-INFO-MS/SRSIN-IDMS/SRSIN-TASKN,,,,,SRSIN-TERMID,,000180
SRSRADIS,WORKING-STORAGE SECTION,SRSCOMIN,10,SRSIN-NBELEM,SRSIN-INFO-MS,W-SRCZ-MS/SRSIN-COMM/SRSIN-INFO-MS/SRSIN-NBELEM,S9(4) COMP.,,,,,,000182
SRSRADIS,WORKING-STORAGE SECTION,SRSCOMIN,10,SRSIN-LGELEM,SRSIN-INFO-MS,W-SRCZ-MS/SRSIN-COMM/SRSIN-INFO-MS/SRSIN-LGELEM,S9(4) COMP.,,,,,,000183
SRSRADIS,WORKING-STORAGE SECTION,SRSCOMIN,05,SRSIN-RC,SRSIN-COMM,W-SRCZ-MS/SRSIN-COMM/SRSIN-RC,,,,,,,000184
SRSRADIS,WORKING-STORAGE SECTION,SRSCOMIN,10,SRSIN-RC-SRS,SRSIN-RC,W-SRCZ-MS/SRSIN-COMM/SRSIN-RC/SRSIN-RC-SRS,99.,,,,,,000185
SRSRADIS,WORKING-STORAGE SECTION,SRSCOMIN,10,SRSIN-RC-CICS,SRSIN-RC,W-SRCZ-MS/SRSIN-COMM/SRSIN-RC/SRSIN-RC-CICS,S9(8) COMP.,,,,,,000186
SRSRADIS,WORKING-STORAGE SECTION,SRSCOMIN,05,SRSIN-APPLID,SRSIN-COMM,W-SRCZ-MS/SRSIN-COMM/SRSIN-APPLID,,,,,,,000187
SRSRADIS,WORKING-STORAGE SECTION,SRSCOMIN,10,FILLER,SRSIN-APPLID,W-SRCZ-MS/SRSIN-COMM/SRSIN-APPLID/FILLER,X(4).,,,,,,000188
SRSRADIS,WORKING-STORAGE SECTION,SRSCOMIN,10,SRSIN-TYP-CICS,SRSIN-APPLID,W-SRCZ-MS/SRSIN-COMM/SRSIN-APPLID/SRSIN-TYP-CICS,X(3).,,,,,,000189
SRSRADIS,WORKING-STORAGE SECTION,SRSCOMIN,10,SRSIN-ID-CICS,SRSIN-APPLID,W-SRCZ-MS/SRSIN-COMM/SRSIN-APPLID/SRSIN-ID-CICS,X.,,,,,,000190
SRSRADIS,WORKING-STORAGE SECTION,SRSCOMIN,05,SRSIN-DONNEES,SRSIN-COMM,W-SRCZ-MS/SRSIN-COMM/SRSIN-DONNEES,,,,,,,000191
SRSRADIS,WORKING-STORAGE SECTION,SRSCOMIN,10,SRSIN-SESS,SRSIN-DONNEES,W-SRCZ-MS/SRSIN-COMM/SRSIN-DONNEES/SRSIN-SESS,,,,,,,000192
SRSRADIS,WORKING-STORAGE SECTION,SRSCOMIN,15,SRSIN-CODPOST,SRSIN-SESS,W-SRCZ-MS/SRSIN-COMM/SRSIN-DONNEES/SRSIN-SESS/SRSIN-CODPOST,X(6).,,,,,,000193
SRSRADIS,WORKING-STORAGE SECTION,SRSCOMIN,15,SRSIN-CODFONC-MNEMO,SRSIN-SESS,W-SRCZ-MS/SRSIN-COMM/SRSIN-DONNEES/SRSIN-SESS/SRSIN-CODFONC-MNEMO,X(4).,,,,,,000194
SRSRADIS,WORKING-STORAGE SECTION,SRSCOMIN,10,FILLER,SRSIN-DONNEES,W-SRCZ-MS/SRSIN-COMM/SRSIN-DONNEES/FILLER,,,,,SRSIN-SESS,,000195
SRSRADIS,WORKING-STORAGE SECTION,SRSCOMIN,15,SRSIN-ADRMVT,FILLER,W-SRCZ-MS/SRSIN-COMM/SRSIN-DONNEES/FILLER/SRSIN-ADRMVT,S9(8) COMP.,,,,,,000196
SRSRADIS,WORKING-STORAGE SECTION,SRSCOMIN,15,FILLER,FILLER,W-SRCZ-MS/SRSIN-COMM/SRSIN-DONNEES/FILLER/FILLER,X(6).,,,,,,000197
SRSRADIS,WORKING-STORAGE SECTION,SRSCOMIN,10,FILLER,SRSIN-DONNEES,W-SRCZ-MS/SRSIN-COMM/SRSIN-DONNEES/FILLER,,,,,SRSIN-SESS,,000198
SRSRADIS,WORKING-STORAGE SECTION,SRSCOMIN,15,SRSIN-CPOSN,FILLER,W-SRCZ-MS/SRSIN-COMM/SRSIN-DONNEES/FILLER/SRSIN-CPOSN,S9(4) COMP.,,,,,,000199
SRSRADIS,WORKING-STORAGE SECTION,SRSCOMIN,15,FILLER,FILLER,W-SRCZ-MS/SRSIN-COMM/SRSIN-DONNEES/FILLER/FILLER,X(8).,,,,,,000200
SRSRADIS,WORKING-STORAGE SECTION,SRSCOMIN,10,SRSIN-ETAT-IMP,SRSIN-DONNEES,W-SRCZ-MS/SRSIN-COMM/SRSIN-DONNEES/SRSIN-ETAT-IMP,,,,,SRSIN-SESS,,000201
SRSRADIS,WORKING-STORAGE SECTION,SRSCOMIN,15,SRSIN-ETAT-ACQ,SRSIN-ETAT-IMP,W-SRCZ-MS/SRSIN-COMM/SRSIN-DONNEES/SRSIN-ETAT-IMP/SRSIN-ETAT-ACQ,X(3).,,,,,,000202
SRSRADIS,WORKING-STORAGE SECTION,SRSCOMIN,15,SRSIN-ETAT-DIS,SRSIN-ETAT-IMP,W-SRCZ-MS/SRSIN-COMM/SRSIN-DONNEES/SRSIN-ETAT-IMP/SRSIN-ETAT-DIS,X(3).,,,,,,000203
SRSRADIS,WORKING-STORAGE SECTION,SRSCOMIN,15,FILLER,SRSIN-ETAT-IMP,W-SRCZ-MS/SRSIN-COMM/SRSIN-DONNEES/SRSIN-ETAT-IMP/FILLER,X(4).,,,,,,000204
SRSRADIS,WORKING-STORAGE SECTION,SRSCOMIN,10,SRSIN-ABEND,SRSIN-DONNEES,W-SRCZ-MS/SRSIN-COMM/SRSIN-DONNEES/SRSIN-ABEND,,,,,SRSIN-SESS,,000205
SRSRADIS,WORKING-STORAGE SECTION,SRSCOMIN,15,SRSIN-CODFINA,SRSIN-ABEND,W-SRCZ-MS/SRSIN-COMM/SRSIN-DONNEES/SRSIN-ABEND/SRSIN-CODFINA,X(4).,,,,,,000206
SRSRADIS,WORKING-STORAGE SECTION,SRSCOMIN,15,FILLER,SRSIN-ABEND,W-SRCZ-MS/SRSIN-COMM/SRSIN-DONNEES/SRSIN-ABEND/FILLER,X(6).,,,,,,000207
SRSRADIS,WORKING-STORAGE SECTION,SRSCOMIN,10,SRSIN-MESSNUM,SRSIN-DONNEES,W-SRCZ-MS/SRSIN-COMM/SRSIN-DONNEES/SRSIN-MESSNUM,,,,,SRSIN-SESS,,000208
SRSRADIS,WORKING-STORAGE SECTION,SRSCOMIN,15,SRSIN-NUMMESS,SRSIN-MESSNUM,W-SRCZ-MS/SRSIN-COMM/SRSIN-DONNEES/SRSIN-MESSNUM/SRSIN-NUMMESS,9(5).,,,,,,000209
SRSRADIS,WORKING-STORAGE SECTION,SRSCOMIN,15,FILLER,SRSIN-MESSNUM,W-SRCZ-MS/SRSIN-COMM/SRSIN-DONNEES/SRSIN-MESSNUM/FILLER,X(5).,,,,,,000210
SRSRADIS,WORKING-STORAGE SECTION,SRSFAPPA,01,FAPPA-ENR,,FAPPA-ENR,,,,,,,000213
SRSRADIS,WORKING-STORAGE SECTION,SRSFAPPA,05,FAPPA-CLE,FAPPA-ENR,FAPPA-ENR/FAPPA-CLE,,,,,,,000214
SRSRADIS,WORKING-STORAGE SECTION,SRSFAPPA,10,FAPPA-CLE-TYPE,FAPPA-CLE,FAPPA-ENR/FAPPA-CLE/FAPPA-CLE-TYPE,X.,,,,,,000215
SRSRADIS,WORKING-STORAGE SECTION,SRSFAPPA,10,FAPPA-CLE-APPL,FAPPA-CLE,FAPPA-ENR/FAPPA-CLE/FAPPA-CLE-APPL,X(3).,,,,,,000216
SRSRADIS,WORKING-STORAGE SECTION,SRSFAPPA,05,FAPPA-DONNEES,FAPPA-ENR,FAPPA-ENR/FAPPA-DONNEES,,,,,,,000217
SRSRADIS,WORKING-STORAGE SECTION,SRSFAPPA,10,FAPPA-LIBAPPL,FAPPA-DONNEES,FAPPA-ENR/FAPPA-DONNEES/FAPPA-LIBAPPL,X(40).,,,,,,000218
SRSRADIS,WORKING-STORAGE SECTION,SRSFAPPA,10,FAPPA-CODAPPL-REDUIT,FAPPA-DONNEES,FAPPA-ENR/FAPPA-DONNEES/FAPPA-CODAPPL-REDUIT,,,,,,,000219
SRSRADIS,WORKING-STORAGE SECTION,SRSFAPPA,15,FAPPA-CODAPPL-REDUIT1,FAPPA-CODAPPL-REDUIT,FAPPA-ENR/FAPPA-DONNEES/FAPPA-CODAPPL-REDUIT/FAPPA-CODAPPL-REDUIT1,X.,,,,,,000220
SRSRADIS,WORKING-STORAGE SECTION,SRSFAPPA,15,FAPPA-CODAPPL-REDUIT2,FAPPA-CODAPPL-REDUIT,FAPPA-ENR/FAPPA-DONNEES/FAPPA-CODAPPL-REDUIT/FAPPA-CODAPPL-REDUIT2,X.,,,,,,000221
SRSRADIS,WORKING-STORAGE SECTION,SRSFAPPA,10,FAPPA-IDENTAOR,FAPPA-DONNEES,FAPPA-ENR/FAPPA-DONNEES/FAPPA-IDENTAOR,X.,,,,,,000222
SRSRADIS,WORKING-STORAGE SECTION,SRSFAPPA,10,FAPPA-CODDISPO-APPL,FAPPA-DONNEES,FAPPA-ENR/FAPPA-DONNEES/FAPPA-CODDISPO-APPL,9.,,,,,,000223
SRSRADIS,WORKING-STORAGE SECTION,SRSFAPPA,10,FAPPA-CODDISPO-APPL-SEC,FAPPA-DONNEES,FAPPA-ENR/FAPPA-DONNEES/FAPPA-CODDISPO-APPL-SEC,9.,,,,,,000224
SRSRADIS,WORKING-STORAGE SECTION,SRSFAPPA,10,FAPPA-MESSIND-APPL,FAPPA-DONNEES,FAPPA-ENR/FAPPA-DONNEES/FAPPA-MESSIND-APPL,,,,,,,000225
SRSRADIS,WORKING-STORAGE SECTION,SRSFAPPA,15,FAPPA-MESSIND-L1,FAPPA-MESSIND-APPL,FAPPA-ENR/FAPPA-DONNEES/FAPPA-MESSIND-APPL/FAPPA-MESSIND-L1,X(79).,,,,,,000226
SRSRADIS,WORKING-STORAGE SECTION,SRSFAPPA,15,FAPPA-MESSIND-L2,FAPPA-MESSIND-APPL,FAPPA-ENR/FAPPA-DONNEES/FAPPA-MESSIND-APPL/FAPPA-MESSIND-L2,X(79).,,,,,,000227
SRSRADIS,WORKING-STORAGE SECTION,SRSFAPPA,10,FAPPA-INDIC-IDMS,FAPPA-DONNEES,FAPPA-ENR/FAPPA-DONNEES/FAPPA-INDIC-IDMS,X.,,,,,,000228
SRSRADIS,WORKING-STORAGE SECTION,SRSFAPPA,10,FAPPA-VAL-HORSAOR,FAPPA-DONNEES,FAPPA-ENR/FAPPA-DONNEES/FAPPA-VAL-HORSAOR,9.,,,,,,000229
SRSRADIS,WORKING-STORAGE SECTION,SRSFAPPA,10,FAPPA-NOMRESP,FAPPA-DONNEES,FAPPA-ENR/FAPPA-DONNEES/FAPPA-NOMRESP,,,2,,,,000230
SRSRADIS,WORKING-STORAGE SECTION,SRSFAPPA,15,FAPPA-USERIDTSO,FAPPA-NOMRESP,FAPPA-ENR/FAPPA-DONNEES/FAPPA-NOMRESP/FAPPA-USERIDTSO,X(8).,,,,,,000231
SRSRADIS,WORKING-STORAGE SECTION,SRSFAPPA,15,FAPPA-USERIDRACF,FAPPA-NOMRESP,FAPPA-ENR/FAPPA-DONNEES/FAPPA-NOMRESP/FAPPA-USERIDRACF,X(8).,,,,,,000232
SRSRADIS,WORKING-STORAGE SECTION,SRSFAPPA,10,FAPPA-TRANSINI,FAPPA-DONNEES,FAPPA-ENR/FAPPA-DONNEES/FAPPA-TRANSINI,X(4).,,,,,,000233
SRSRADIS,WORKING-STORAGE SECTION,SRSFAPPA,10,FAPPA-TEL,FAPPA-DONNEES,FAPPA-ENR/FAPPA-DONNEES/FAPPA-TEL,9(10).,,,,,,000234
SRSRADIS,WORKING-STORAGE SECTION,SRSFAPPA,10,FAPPA-POSTTEL,FAPPA-DONNEES,FAPPA-ENR/FAPPA-DONNEES/FAPPA-POSTTEL,X(4).,,,,,,000235
SRSRADIS,WORKING-STORAGE SECTION,SRSFAPPA,10,FAPPA-HEUREDEB,FAPPA-DONNEES,FAPPA-ENR/FAPPA-DONNEES/FAPPA-HEUREDEB,,,,,,,000236
SRSRADIS,WORKING-STORAGE SECTION,SRSFAPPA,15,FAPPA-HDVAC,FAPPA-HEUREDEB,FAPPA-ENR/FAPPA-DONNEES/FAPPA-HEUREDEB/FAPPA-HDVAC,9(2).,,,,,,000237
SRSRADIS,WORKING-STORAGE SECTION,SRSFAPPA,15,FAPPA-MDVAC,FAPPA-HEUREDEB,FAPPA-ENR/FAPPA-DONNEES/FAPPA-HEUREDEB/FAPPA-MDVAC,9(2).,,,,,,000238
SRSRADIS,WORKING-STORAGE SECTION,SRSFAPPA,10,FAPPA-HEUREFIN,FAPPA-DONNEES,FAPPA-ENR/FAPPA-DONNEES/FAPPA-HEUREFIN,,,,,,,000239
SRSRADIS,WORKING-STORAGE SECTION,SRSFAPPA,15,FAPPA-HFVAC,FAPPA-HEUREFIN,FAPPA-ENR/FAPPA-DONNEES/FAPPA-HEUREFIN/FAPPA-HFVAC,9(2).,,,,,,000240
SRSRADIS,WORKING-STORAGE SECTION,SRSFAPPA,15,FAPPA-MFVAC,FAPPA-HEUREFIN,FAPPA-ENR/FAPPA-DONNEES/FAPPA-HEUREFIN/FAPPA-MFVAC,9(2).,,,,,,000241
SRSRADIS,WORKING-STORAGE SECTION,SRSFAPPA,10,FAPPA-HEUREDEB-VDX,FAPPA-DONNEES,FAPPA-ENR/FAPPA-DONNEES/FAPPA-HEUREDEB-VDX,,,,,,,000242
SRSRADIS,WORKING-STORAGE SECTION,SRSFAPPA,15,FAPPA-HDVAC-VDX,FAPPA-HEUREDEB-VDX,FAPPA-ENR/FAPPA-DONNEES/FAPPA-HEUREDEB-VDX/FAPPA-HDVAC-VDX,9(2).,,,,,,000243
SRSRADIS,WORKING-STORAGE SECTION,SRSFAPPA,15,FAPPA-MDVAC-VDX,FAPPA-HEUREDEB-VDX,FAPPA-ENR/FAPPA-DONNEES/FAPPA-HEUREDEB-VDX/FAPPA-MDVAC-VDX,9(2).,,,,,,000244
SRSRADIS,WORKING-STORAGE SECTION,SRSFAPPA,10,FAPPA-HEUREFIN-VDX,FAPPA-DONNEES,FAPPA-ENR/FAPPA-DONNEES/FAPPA-HEUREFIN-VDX,,,,,,,000245
SRSRADIS,WORKING-STORAGE SECTION,SRSFAPPA,15,FAPPA-HFVAC-VDX,FAPPA-HEUREFIN-VDX,FAPPA-ENR/FAPPA-DONNEES/FAPPA-HEUREFIN-VDX/FAPPA-HFVAC-VDX,9(2).,,,,,,000246
SRSRADIS,WORKING-STORAGE SECTION,SRSFAPPA,15,FAPPA-MFVAC-VDX,FAPPA-HEUREFIN-VDX,FAPPA-ENR/FAPPA-DONNEES/FAPPA-HEUREFIN-VDX/FAPPA-MFVAC-VDX,9(2).,,,,,,000247
SRSRADIS,WORKING-STORAGE SECTION,SRSFAPPA,10,FAPPA-SYSID-LIST,FAPPA-DONNEES,FAPPA-ENR/FAPPA-DONNEES/FAPPA-SYSID-LIST,,,,,,,000248
SRSRADIS,WORKING-STORAGE SECTION,SRSFAPPA,15,FAPPA-SYSID-TOR-LIST,FAPPA-SYSID-LIST,FAPPA-ENR/FAPPA-DONNEES/FAPPA-SYSID-LIST/FAPPA-SYSID-TOR-LIST,,,,,,,000249
SRSRADIS,WORKING-STORAGE SECTION,SRSFAPPA,20,FAPPA-SYSID-TOR,FAPPA-SYSID-TOR-LIST,FAPPA-ENR/FAPPA-DONNEES/FAPPA-SYSID-LIST/FAPPA-SYSID-TOR-LIST/FAPPA-SYSID-TOR,X(4),,8,,,,000250
SRSRADIS,WORKING-STORAGE SECTION,SRSFAPPA,15,FAPPA-SYSID-AOR,FAPPA-SYSID-LIST,FAPPA-ENR/FAPPA-DONNEES/FAPPA-SYSID-LIST/FAPPA-SYSID-AOR,,,,,,,000251
SRSRADIS,WORKING-STORAGE SECTION,SRSFAPPA,20,FAPPA-SYSID-AORDEB,FAPPA-SYSID-AOR,FAPPA-ENR/FAPPA-DONNEES/FAPPA-SYSID-LIST/FAPPA-SYSID-AOR/FAPPA-SYSID-AORDEB,X(2).,,,,,,000252
SRSRADIS,WORKING-STORAGE SECTION,SRSFAPPA,20,FAPPA-SYSID-AOR-FIN,FAPPA-SYSID-AOR,FAPPA-ENR/FAPPA-DONNEES/FAPPA-SYSID-LIST/FAPPA-SYSID-AOR/FAPPA-SYSID-AOR-FIN,,,,,,,000253
SRSRADIS,WORKING-STORAGE SECTION,SRSFAPPA,25,FAPPA-SYSID-AOR-TYP,FAPPA-SYSID-AOR-FIN,FAPPA-ENR/FAPPA-DONNEES/FAPPA-SYSID-LIST/FAPPA-SYSID-AOR/FAPPA-SYSID-AOR-FIN/FAPPA-SYSID-AOR-TYP,X.,,,,,,000254
SRSRADIS,WORKING-STORAGE SECTION,SRSFAPPA,25,FAPPA-SYSID-AOR-NUM,FAPPA-SYSID-AOR-FIN,FAPPA-ENR/FAPPA-DONNEES/FAPPA-SYSID-LIST/FAPPA-SYSID-AOR/FAPPA-SYSID-AOR-FIN/FAPPA-SYSID-AOR-NUM,X.,,,,,,000255
SRSRADIS,WORKING-STORAGE SECTION,SRSFAPPA,10,FAPPA-CSD-GROUPES,FAPPA-DONNEES,FAPPA-ENR/FAPPA-DONNEES/FAPPA-CSD-GROUPES,,,,,,,000256
SRSRADIS,WORKING-STORAGE SECTION,SRSFAPPA,15,FAPPA-CSD-FICEXP,FAPPA-CSD-GROUPES,FAPPA-ENR/FAPPA-DONNEES/FAPPA-CSD-GROUPES/FAPPA-CSD-FICEXP,X(8).,,,,,,000257
SRSRADIS,WORKING-STORAGE SECTION,SRSFAPPA,15,FAPPA-CSD-FICEXP-DEG,FAPPA-CSD-GROUPES,FAPPA-ENR/FAPPA-DONNEES/FAPPA-CSD-GROUPES/FAPPA-CSD-FICEXP-DEG,X(8).,,,,,,000258
SRSRADIS,WORKING-STORAGE SECTION,SRSFAPPA,15,FAPPA-CSD-FICVDX,FAPPA-CSD-GROUPES,FAPPA-ENR/FAPPA-DONNEES/FAPPA-CSD-GROUPES/FAPPA-CSD-FICVDX,X(8).,,,,,,000259
SRSRADIS,WORKING-STORAGE SECTION,SRSFAPPA,15,FAPPA-CSD-FICVDX-DEG,FAPPA-CSD-GROUPES,FAPPA-ENR/FAPPA-DONNEES/FAPPA-CSD-GROUPES/FAPPA-CSD-FICVDX-DEG,X(8).,,,,,,000260
SRSRADIS,WORKING-STORAGE SECTION,SRSFAPPA,10,FAPPA-PERIODICITE,FAPPA-DONNEES,FAPPA-ENR/FAPPA-DONNEES/FAPPA-PERIODICITE,X.,,,,,,000261
SRSRADIS,WORKING-STORAGE SECTION,SRSFAPPA,10,FAPPA-CODAPPL-AFFICH,FAPPA-DONNEES,FAPPA-ENR/FAPPA-DONNEES/FAPPA-CODAPPL-AFFICH,X(3).,,,,,,000262
SRSRADIS,WORKING-STORAGE SECTION,SRSFAPPA,10,FAPPA-FILLER,FAPPA-DONNEES,FAPPA-ENR/FAPPA-DONNEES/FAPPA-FILLER,X.,,,,,,000263
SRSRADIS,WORKING-STORAGE SECTION,SRSTSRFI,01,SRFI-DONNEES,,SRFI-DONNEES,,,,,,,000266
SRSRADIS,WORKING-STORAGE SECTION,SRSTSRFI,05,SRFI-NBFI,SRFI-DONNEES,SRFI-DONNEES/SRFI-NBFI,9(4) COMP.,,,,,,000267
SRSRADIS,WORKING-STORAGE SECTION,SRSTSRFI,05,SRFI-FICHIERS,SRFI-DONNEES,SRFI-DONNEES/SRFI-FICHIERS,,,160,,,,000268
SRSRADIS,WORKING-STORAGE SECTION,SRSTSRFI,10,SRFI-NOMFIC,SRFI-FICHIERS,SRFI-DONNEES/SRFI-FICHIERS/SRFI-NOMFIC,X(8).,,,,,,000270
SRSRADIS,WORKING-STORAGE SECTION,SRSTSRFI,10,SRFI-TYPFIC,SRFI-FICHIERS,SRFI-DONNEES/SRFI-FICHIERS/SRFI-TYPFIC,9.,,,,,,000271
SRSRADIS,WORKING-STORAGE SECTION,SRSTSRFI,10,SRFI-IDCICS,SRFI-FICHIERS,SRFI-DONNEES/SRFI-FICHIERS/SRFI-IDCICS,X(4).,,,,,,000272
SRSRADIS,WORKING-STORAGE SECTION,SRSTSRFI,10,SRFI-FONCTIONS,SRFI-FICHIERS,SRFI-DONNEES/SRFI-FICHIERS/SRFI-FONCTIONS,,,40,,,,000273
SRSRADIS,WORKING-STORAGE SECTION,SRSTSRFI,15,SRFI-CODFONC,SRFI-FONCTIONS,SRFI-DONNEES/SRFI-FICHIERS/SRFI-FONCTIONS/SRFI-CODFONC,X.,,,,,,000274
SRSRADIS,WORKING-STORAGE SECTION,SRSTSRFI,15,SRFI-CODDISPO-FONC,SRFI-FONCTIONS,SRFI-DONNEES/SRFI-FICHIERS/SRFI-FONCTIONS/SRFI-CODDISPO-FONC,9.,,,,,,000275
SRSRADIS,WORKING-STORAGE SECTION,SRSTSRVD,01,SRVD-DONNEES,,SRVD-DONNEES,,,,,,,000278
SRSRADIS,WORKING-STORAGE SECTION,SRSTSRVD,05,SRVD-DISPAPP,SRVD-DONNEES,SRVD-DONNEES/SRVD-DISPAPP,9.,,,,,,000279
SRSRADIS,WORKING-STORAGE SECTION,SRSTSRVD,05,SRVD-DISPIND,SRVD-DONNEES,SRVD-DONNEES/SRVD-DISPIND,9.,,,,,,000280
SRSRADIS,WORKING-STORAGE SECTION,SRSTSRVD,05,SRVD-DISPFIC,SRVD-DONNEES,SRVD-DONNEES/SRVD-DISPFIC,X.,,,,,,000281
SRSRADIS,WORKING-STORAGE SECTION,SRSTSRVD,05,SRVD-DISPFON,SRVD-DONNEES,SRVD-DONNEES/SRVD-DISPFON,X.,,,,,,000282
SRSRADIS,WORKING-STORAGE SECTION,SRSWFONC,01,WFONC-ENR,,WFONC-ENR,,,,,,,000285
SRSRADIS,WORKING-STORAGE SECTION,SRSWFONC,05,WFONC-CLE,WFONC-ENR,WFONC-ENR/WFONC-CLE,,,,,,,000286
SRSRADIS,WORKING-STORAGE SECTION,SRSWFONC,10,WFONC-CLE-APPL,WFONC-CLE,WFONC-ENR/WFONC-CLE/WFONC-CLE-APPL,X(3).,,,,,,000287
SRSRADIS,WORKING-STORAGE SECTION,SRSWFONC,10,WFONC-CLE-FONC,WFONC-CLE,WFONC-ENR/WFONC-CLE/WFONC-CLE-FONC,X.,,,,,,000288
SRSRADIS,WORKING-STORAGE SECTION,SRSWFONC,05,WFONC-DONNEES,WFONC-ENR,WFONC-ENR/WFONC-DONNEES,,,,,,,000289
SRSRADIS,WORKING-STORAGE SECTION,SRSWFONC,10,WFONC-CLE-ALT,WFONC-DONNEES,WFONC-ENR/WFONC-DONNEES/WFONC-CLE-ALT,,,,,,,000290
SRSRADIS,WORKING-STORAGE SECTION,SRSWFONC,15,WFONC-CODE-APPL,WFONC-CLE-ALT,WFONC-ENR/WFONC-DONNEES/WFONC-CLE-ALT/WFONC-CODE-APPL,X(3).,,,,,,000291
SRSRADIS,WORKING-STORAGE SECTION,SRSWFONC,15,WFONC-CODE-MNEMO,WFONC-CLE-ALT,WFONC-ENR/WFONC-DONNEES/WFONC-CLE-ALT/WFONC-CODE-MNEMO,X(4).,,,,,,000292
SRSRADIS,WORKING-STORAGE SECTION,MAIN,01,W-SYSID,,W-SYSID,X(4).,,,,,,000294
SRSRADIS,WORKING-STORAGE SECTION,MAIN,01,W-APPLID,,W-APPLID,X(8).,,,,,,000295
SRSRADIS,WORKING-STORAGE SECTION,MAIN,01,W-TS-SRFI,,W-TS-SRFI,,,,,,,000296
SRSRADIS,WORKING-STORAGE SECTION,MAIN,05,FILLER,W-TS-SRFI,W-TS-SRFI/FILLER,X(4),,,,,'SRFI',000297
SRSRADIS,WORKING-STORAGE SECTION,MAIN,05,W-SRFI-CODAPP,W-TS-SRFI,W-TS-SRFI/W-SRFI-CODAPP,X(3).,,,,,,000298
SRSRADIS,WORKING-STORAGE SECTION,MAIN,05,FILLER,W-TS-SRFI,W-TS-SRFI/FILLER,X,,,,,SPACES,000299
SRSRADIS,WORKING-STORAGE SECTION,MAIN,01,W-EIBTRNID,,W-EIBTRNID,,,,,,,000300
SRSRADIS,WORKING-STORAGE SECTION,MAIN,05,W-EIBTRNID-3C,W-EIBTRNID,W-EIBTRNID/W-EIBTRNID-3C,X(3).,,,,,,000301
SRSRADIS,WORKING-STORAGE SECTION,MAIN,05,FILLER,W-EIBTRNID,W-EIBTRNID/FILLER,X,,,,,SPACES,000302
SRSRADIS,WORKING-STORAGE SECTION,MAIN,01,W-ANO,,W-ANO,X(62),,,,,SPACES,000303
SRSRADIS,WORKING-STORAGE SECTION,MAIN,01,W-PARAG,,W-PARAG,X(5),,,,,SPACES,000304
SRSRADIS,WORKING-STORAGE SECTION,MAIN,01,W-RESP,,W-RESP,9(4),,,,,ZEROS,000305
SRSRADIS,WORKING-STORAGE SECTION,MAIN,01,W-ANO-APPLI,,W-ANO-APPLI,,,,,,,000306
SRSRADIS,WORKING-STORAGE SECTION,MAIN,02,W-ANO-APPLID,W-ANO-APPLI,W-ANO-APPLI/W-ANO-APPLID,X(8).,,,,,,000307
SRSRADIS,WORKING-STORAGE SECTION,MAIN,02,FILLER,W-ANO-APPLI,W-ANO-APPLI/FILLER,X(25),,,,,,000308
SRSRADIS,WORKING-STORAGE SECTION,MAIN,01,W-MES-FIN-ANORMALE,,W-MES-FIN-ANORMALE,,,,,,,000310
SRSRADIS,WORKING-STORAGE SECTION,MAIN,02,FILLER,W-MES-FIN-ANORMALE,W-MES-FIN-ANORMALE/FILLER,X(25),,,,,,000311
SRSRADIS,WORKING-STORAGE SECTION,MAIN,02,W-MES-FIN-ANORMALE-COD,W-MES-FIN-ANORMALE,W-MES-FIN-ANORMALE/W-MES-FIN-ANORMALE-COD,X(4),,,,,SPACES,000313
SRSRADIS,WORKING-STORAGE SECTION,MAIN,02,FILLER,W-MES-FIN-ANORMALE,W-MES-FIN-ANORMALE/FILLER,X(22),,,,,,000314
SRSRADIS,WORKING-STORAGE SECTION,MAIN,01,W-MES-PUPITRE,,W-MES-PUPITRE,,,,,,,000316
SRSRADIS,WORKING-STORAGE SECTION,MAIN,02,W-MES-PUP-APPLID,W-MES-PUPITRE,W-MES-PUPITRE/W-MES-PUP-APPLID,X(8),,,,,SPACES,000317
SRSRADIS,WORKING-STORAGE SECTION,MAIN,02,FILLER,W-MES-PUPITRE,W-MES-PUPITRE/FILLER,X(50),,,,,,000318
SRSRADIS,WORKING-STORAGE SECTION,MAIN,01,W-MES-ANO-BLOQ-1,,W-MES-ANO-BLOQ-1,,,,,,,000320
SRSRADIS,WORKING-STORAGE SECTION,MAIN,02,FILLER,W-MES-ANO-BLOQ-1,W-MES-ANO-BLOQ-1/FILLER,X(40),,,,,,000321
SRSRADIS,WORKING-STORAGE SECTION,MAIN,01,W-MES-ANO-BLOQ-2,,W-MES-ANO-BLOQ-2,,,,,,,000323
SRSRADIS,WORKING-STORAGE SECTION,MAIN,02,FILLER,W-MES-ANO-BLOQ-2,W-MES-ANO-BLOQ-2/FILLER,X(22),,,,,,000324
SRSRADIS,WORKING-STORAGE SECTION,MAIN,02,W-MES-ANO-BLOQ-2-PAR,W-MES-ANO-BLOQ-2,W-MES-ANO-BLOQ-2/W-MES-ANO-BLOQ-2-PAR,X(5),,,,,SPACES,000326
SRSRADIS,WORKING-STORAGE SECTION,MAIN,02,FILLER,W-MES-ANO-BLOQ-2,W-MES-ANO-BLOQ-2/FILLER,X(17),,,,,,000327
SRSRADIS,WORKING-STORAGE SECTION,MAIN,02,W-MES-ANO-BLOQ-2-RESP,W-MES-ANO-BLOQ-2,W-MES-ANO-BLOQ-2/W-MES-ANO-BLOQ-2-RESP,X(4),,,,,SPACES,000329
SRSRADIS,WORKING-STORAGE SECTION,MAIN,01,W-ABCODE,,W-ABCODE,,,,,,,000330
SRSRADIS,WORKING-STORAGE SECTION,MAIN,05,W-TYPAB,W-ABCODE,W-ABCODE/W-TYPAB,X.,,,,,,000331
SRSRADIS,WORKING-STORAGE SECTION,MAIN,05,W-ABEND,W-ABCODE,W-ABCODE/W-ABEND,9(3).,,,,,,000332
SRSRADIS,WORKING-STORAGE SECTION,MAIN,01,WTS-IDENTITE,,WTS-IDENTITE,,,,,,,000333
SRSRADIS,WORKING-STORAGE SECTION,MAIN,05,WTS-NOM,WTS-IDENTITE,WTS-IDENTITE/WTS-NOM,X(04).,,,,,,000334
SRSRADIS,WORKING-STORAGE SECTION,MAIN,05,WTS-ECRAN,WTS-IDENTITE,WTS-IDENTITE/WTS-ECRAN,X(04).,,,,,,000335
SRSRADIS,WORKING-STORAGE SECTION,MAIN,01,W-IND01,,W-IND01,9(4) COMP,,,,,ZEROS,000336
SRSRADIS,WORKING-STORAGE SECTION,MAIN,01,W-IND02,,W-IND02,9(4) COMP,,,,,ZEROS,000337
SRSRADIS,WORKING-STORAGE SECTION,MAIN,01,W-IND03,,W-IND03,9(4) COMP,,,,,ZEROS,000338
SRSRADIS,WORKING-STORAGE SECTION,MAIN,01,W-AIG-FONC,,W-AIG-FONC,9,,,,,ZERO,000339
SRSRADIS,WORKING-STORAGE SECTION,MAIN,01,W-AIG-DISP,,W-AIG-DISP,9,,,,,ZERO,000340
SRSRADIS,WORKING-STORAGE SECTION,MAIN,01,W-AIG-DISP-2,,W-AIG-DISP-2,9,,,,,ZERO,000341
SRSRADIS,WORKING-STORAGE SECTION,MAIN,01,W-CTR-FICH,,W-CTR-FICH,9(6),,,,,ZEROS,000342
SRSRADIS,WORKING-STORAGE SECTION,MAIN,01,W-CTR-FICHF,,W-CTR-FICHF,9(6),,,,,ZEROS,000343
SRSRADIS,WORKING-STORAGE SECTION,MAIN,01,W-CTR-OUVERTS,,W-CTR-OUVERTS,9(6),,,,,ZEROS,000344
SRSRADIS,WORKING-STORAGE SECTION,MAIN,01,W-CTR-FERMES,,W-CTR-FERMES,9(6),,,,,ZEROS,000345
SRSRADIS,WORKING-STORAGE SECTION,MAIN,01,W-CTR-FONCDISP,,W-CTR-FONCDISP,9(6),,,,,ZEROS,000346
SRSRADIS,WORKING-STORAGE SECTION,MAIN,01,W-CTR-FONCINDISP,,W-CTR-FONCINDISP,9(6),,,,,ZEROS,000347
SRSRADIS,WORKING-STORAGE SECTION,MAIN,01,W-DISPIND1,,W-DISPIND1,9,,,,,ZEROS,000348
SRSRADIS,WORKING-STORAGE SECTION,MAIN,01,W-DISPIND2,,W-DISPIND2,9,,,,,ZEROS,000349
SRSRADIS,WORKING-STORAGE SECTION,MAIN,01,W-TABLE-FONC,,W-TABLE-FONC,,,,,,,000350
SRSRADIS,WORKING-STORAGE SECTION,MAIN,05,W-FONC-DISPO,W-TABLE-FONC,W-TABLE-FONC/W-FONC-DISPO,,,36,,,,000351
SRSRADIS,WORKING-STORAGE SECTION,MAIN,10,W-CODFONC,W-FONC-DISPO,W-TABLE-FONC/W-FONC-DISPO/W-CODFONC,X.,,,,,,000352
SRSRADIS,WORKING-STORAGE SECTION,MAIN,10,W-CODDISPO-FONC,W-FONC-DISPO,W-TABLE-FONC/W-FONC-DISPO/W-CODDISPO-FONC,X.,,,,,,000353
SRSRADIS,LINKAGE SECTION,MAIN,01,DFHCOMMAREA,,DFHCOMMAREA,X(16384).,,,,,,000355
SRSRADIS,LINKAGE SECTION,SRSFAPPD,01,FAPPD-ENR,,FAPPD-ENR,,,,,DFHCOMMAREA,,000357
SRSRADIS,LINKAGE SECTION,SRSFAPPD,05,FAPPD-CLE,FAPPD-ENR,FAPPD-ENR/FAPPD-CLE,,,,,,,000358
SRSRADIS,LINKAGE SECTION,SRSFAPPD,10,FAPPD-CLE-TYPE,FAPPD-CLE,FAPPD-ENR/FAPPD-CLE/FAPPD-CLE-TYPE,X.,,,,,,000359
SRSRADIS,LINKAGE SECTION,SRSFAPPD,10,FAPPD-CLE-APPL,FAPPD-CLE,FAPPD-ENR/FAPPD-CLE/FAPPD-CLE-APPL,X(3).,,,,,,000360
SRSRADIS,LINKAGE SECTION,SRSFAPPD,05,FAPPD-DONNEES,FAPPD-ENR,FAPPD-ENR/FAPPD-DONNEES,,,,,,,000361
SRSRADIS,LINKAGE SECTION,SRSFAPPD,10,FAPPD-NBFI,FAPPD-DONNEES,FAPPD-ENR/FAPPD-DONNEES/FAPPD-NBFI,S9(4) COMP.,,,,,,000362
SRSRADIS,LINKAGE SECTION,SRSFAPPD,10,FAPPD-FICHIERS,FAPPD-DONNEES,FAPPD-ENR/FAPPD-DONNEES/FAPPD-FICHIERS,,,160,,,,000363
SRSRADIS,LINKAGE SECTION,SRSFAPPD,15,FAPPD-NOMFIC,FAPPD-FICHIERS,FAPPD-ENR/FAPPD-DONNEES/FAPPD-FICHIERS/FAPPD-NOMFIC,X(8).,,,,,,000365
SRSRADIS,LINKAGE SECTION,SRSFAPPD,15,FAPPD-TYPFIC,FAPPD-FICHIERS,FAPPD-ENR/FAPPD-DONNEES/FAPPD-FICHIERS/FAPPD-TYPFIC,9.,,,,,,000366
SRSRADIS,LINKAGE SECTION,SRSFAPPD,15,FAPPD-IDCICS,FAPPD-FICHIERS,FAPPD-ENR/FAPPD-DONNEES/FAPPD-FICHIERS/FAPPD-IDCICS,X(4).,,,,,,000367
SRSRADIS,LINKAGE SECTION,SRSFAPPD,15,FAPPD-FONCTIONS,FAPPD-FICHIERS,FAPPD-ENR/FAPPD-DONNEES/FAPPD-FICHIERS/FAPPD-FONCTIONS,,,40,,,,000368
SRSRADIS,LINKAGE SECTION,SRSFAPPD,20,FAPPD-CODFONC,FAPPD-FONCTIONS,FAPPD-ENR/FAPPD-DONNEES/FAPPD-FICHIERS/FAPPD-FONCTIONS/FAPPD-CODFONC,X.,,,,,,000369
SRSRADIS,LINKAGE SECTION,SRSFAPPD,20,FAPPD-CODDISPO-FONC,FAPPD-FONCTIONS,FAPPD-ENR/FAPPD-DONNEES/FAPPD-FICHIERS/FAPPD-FONCTIONS/FAPPD-CODDISPO-FONC,9.,,,,,,000370
SRSRADIS,LINKAGE SECTION,SRSFFONC,01,FFONC-ENR,,FFONC-ENR,,,,,,,000373
SRSRADIS,LINKAGE SECTION,SRSFFONC,05,FFONC-CLE,FFONC-ENR,FFONC-ENR/FFONC-CLE,,,,,,,000374
SRSRADIS,LINKAGE SECTION,SRSFFONC,10,FFONC-CLE-APPL,FFONC-CLE,FFONC-ENR/FFONC-CLE/FFONC-CLE-APPL,X(3).,,,,,,000375
SRSRADIS,LINKAGE SECTION,SRSFFONC,10,FFONC-CLE-FONC,FFONC-CLE,FFONC-ENR/FFONC-CLE/FFONC-CLE-FONC,X.,,,,,,000376
SRSRADIS,LINKAGE SECTION,SRSFFONC,05,FFONC-DONNEES,FFONC-ENR,FFONC-ENR/FFONC-DONNEES,,,,,,,000377
SRSRADIS,LINKAGE SECTION,SRSFFONC,10,FFONC-LIBFONC,FFONC-DONNEES,FFONC-ENR/FFONC-DONNEES/FFONC-LIBFONC,X(40).,,,,,,000378
SRSRADIS,LINKAGE SECTION,SRSFFONC,10,FFONC-CLE-ALT,FFONC-DONNEES,FFONC-ENR/FFONC-DONNEES/FFONC-CLE-ALT,,,,,,,000379
SRSRADIS,LINKAGE SECTION,SRSFFONC,15,FFONC-CODE-APPL,FFONC-CLE-ALT,FFONC-ENR/FFONC-DONNEES/FFONC-CLE-ALT/FFONC-CODE-APPL,X(3).,,,,,,000380
SRSRADIS,LINKAGE SECTION,SRSFFONC,15,FFONC-CODE-MNEMO,FFONC-CLE-ALT,FFONC-ENR/FFONC-DONNEES/FFONC-CLE-ALT/FFONC-CODE-MNEMO,X(4).,,,,,,000381
SRSRADIS,LINKAGE SECTION,SRSFFONC,10,FFONC-TRANFONC,FFONC-DONNEES,FFONC-ENR/FFONC-DONNEES/FFONC-TRANFONC,X(4).,,,,,,000382
SRSRADIS,LINKAGE SECTION,SRSFFONC,10,FFONC-MODULSRS-FONC,FFONC-DONNEES,FFONC-ENR/FFONC-DONNEES/FFONC-MODULSRS-FONC,X(8).,,,,,,000383
SRSRADIS,LINKAGE SECTION,SRSFFONC,10,FFONC-BLOCAGE-RESS,FFONC-DONNEES,FFONC-ENR/FFONC-DONNEES/FFONC-BLOCAGE-RESS,9.,,,,,,000384
SRSRADIS,LINKAGE SECTION,SRSFFONC,10,FFONC-CODDISPO-FONC,FFONC-DONNEES,FFONC-ENR/FFONC-DONNEES/FFONC-CODDISPO-FONC,9.,,,,,,000385
SRSRADIS,LINKAGE SECTION,SRSFFONC,10,FFONC-FIN-FONC,FFONC-DONNEES,FFONC-ENR/FFONC-DONNEES/FFONC-FIN-FONC,9.,,,,,,000386
SRSRADIS,LINKAGE SECTION,SRSFFONC,10,FFONC-VAL-HORSAOR,FFONC-DONNEES,FFONC-ENR/FFONC-DONNEES/FFONC-VAL-HORSAOR,9.,,,,,,000387
SRSRADIS,LINKAGE SECTION,SRSFFONC,10,FFONC-MESSIND-FONC,FFONC-DONNEES,FFONC-ENR/FFONC-DONNEES/FFONC-MESSIND-FONC,,,,,,,000388
SRSRADIS,LINKAGE SECTION,SRSFFONC,15,FFONC-MESSIND-L1,FFONC-MESSIND-FONC,FFONC-ENR/FFONC-DONNEES/FFONC-MESSIND-FONC/FFONC-MESSIND-L1,X(79).,,,,,,000389
SRSRADIS,LINKAGE SECTION,SRSFFONC,15,FFONC-MESSIND-L2,FFONC-MESSIND-FONC,FFONC-ENR/FFONC-DONNEES/FFONC-MESSIND-FONC/FFONC-MESSIND-L2,X(78).,,,,,,000390
SRSRADIS,LINKAGE SECTION,SRSFFONC,10,FFONC-IND-VDX,FFONC-DONNEES,FFONC-ENR/FFONC-DONNEES/FFONC-IND-VDX,X.,,,,,,000391
